year,county_geoid,county,population,poverty_rate,poverty_count,deep_poverty_count,below_185_count,below_200_count,deep_poverty_rate,below_185_rate,below_200_rate,child_poverty_rate,adult_poverty_rate,senior_60_poverty_rate,senior_65_poverty_rate
2022,27001,AITKIN,15627,12.4,1931,702,4430,4876,4.5,28.3,31.2,14.3,12.8,12.1,10.7
2022,27003,ANOKA,360581,6.3,22852,10706,55722,63620,3.0,15.5,17.6,7.8,5.7,6.5,6.9
2022,27005,BECKER,34515,10.9,3754,1655,9324,10288,4.8,27.0,29.8,15.7,9.8,8.8,8.2
2022,27007,BELTRAMI,44355,16.1,7160,3349,14818,16393,7.6,33.4,37.0,20.7,15.7,11.1,10.8
2022,27009,BENTON,40545,9.3,3780,1461,9291,10241,3.6,22.9,25.3,11.0,8.5,8.9,9.8
2022,27011,BIG STONE,4994,10.5,523,202,1303,1435,4.0,26.1,28.7,13.7,9.6,9.9,9.6
2022,27013,BLUE EARTH,65569,16.4,10756,4608,20038,21564,7.0,30.6,32.9,11.9,19.7,7.9,7.7
2022,27015,BROWN,24810,7.7,1918,899,5525,6229,3.6,22.3,25.1,8.6,7.0,8.5,8.8
2022,27017,CARLTON,34539,12.7,4396,2104,8262,9005,6.1,23.9,26.1,15.8,12.1,11.5,11.0
2022,27019,CARVER,106049,3.8,4012,2129,9456,10625,2.0,8.9,10.0,3.6,3.7,4.8,4.6
2022,27021,CASS,29867,12.2,3653,1597,8984,9834,5.3,30.1,32.9,19.4,11.1,9.7,8.9
2022,27023,CHIPPEWA,12195,11.2,1368,533,3379,3756,4.4,27.7,30.8,12.1,12.0,8.3,7.9
2022,27025,CHISAGO,55475,6.3,3471,1887,7827,9069,3.4,14.1,16.3,6.9,6.0,5.5,6.1
2022,27027,CLAY,62141,14.7,9165,3721,15380,16961,6.0,24.8,27.3,17.3,15.0,7.7,9.0
2022,27029,CLEARWATER,8381,11.3,943,336,2301,2543,4.0,27.5,30.3,9.8,10.7,14.1,14.6
2022,27031,COOK,5557,8.6,477,178,1013,1151,3.2,18.2,20.7,11.1,10.3,6.7,3.9
2022,27033,COTTONWOOD,11262,12.9,1448,588,3173,3411,5.2,28.2,30.3,15.1,11.5,13.8,13.5
2022,27035,CROW WING,65574,10.4,6841,2616,16483,18621,4.0,25.1,28.4,14.0,10.3,8.5,7.5
2022,27037,DAKOTA,436007,5.6,24600,10651,61267,69773,2.4,14.1,16.0,7.0,5.1,5.4,5.6
2022,27039,DODGE,20619,4.9,1018,409,3059,3496,2.0,14.8,17.0,5.5,4.9,3.8,4.0
2022,27041,DOUGLAS,38550,8.5,3281,1423,7964,8789,3.7,20.7,22.8,9.2,8.9,7.2,6.9
2022,27043,FARIBAULT,13609,11.4,1555,629,3739,4062,4.6,27.5,29.8,16.0,10.8,9.4,8.5
2022,27045,FILLMORE,20713,8.7,1805,693,4743,5341,3.3,22.9,25.8,11.9,7.4,8.0,8.6
2022,27047,FREEBORN,30330,9.5,2895,1541,8576,9243,5.1,28.3,30.5,12.5,9.6,7.3,6.4
2022,27049,GOODHUE,46803,9.1,4253,2164,9055,10171,4.6,19.3,21.7,11.7,8.4,7.7,8.3
2022,27051,GRANT,6005,10.1,607,269,1679,1875,4.5,28.0,31.2,14.7,8.0,9.2,10.7
2022,27053,HENNEPIN,1248688,9.8,122904,58346,243947,265267,4.7,19.5,21.2,11.2,9.8,8.6,8.1
2022,27055,HOUSTON,18588,7.2,1337,607,3439,3956,3.3,18.5,21.3,6.0,7.4,8.7,7.9
2022,27057,HUBBARD,21138,10.1,2143,777,5289,5908,3.7,25.0,27.9,10.0,10.6,9.7,9.3
2022,27059,ISANTI,40871,8.8,3591,1355,8218,9265,3.3,20.1,22.7,11.1,8.4,7.5,7.0
2022,27061,ITASCA,43883,11.8,5161,2636,11413,12711,6.0,26.0,29.0,14.6,12.1,9.1,8.7
2022,27063,JACKSON,9839,9.7,958,367,2117,2577,3.7,21.5,26.2,12.3,9.3,7.2,8.4
2022,27065,KANABEC,15854,9.8,1549,618,4363,4818,3.9,27.5,30.4,11.1,9.2,9.8,9.9
2022,27067,KANDIYOHI,42567,10.9,4640,2394,11099,12316,5.6,26.1,28.9,16.8,10.0,6.1,6.2
2022,27069,KITTSON,4029,11.0,443,200,903,1058,5.0,22.4,26.3,8.8,7.9,17.4,20.1
2022,27071,KOOCHICHING,11757,11.7,1375,663,2793,3167,5.6,23.8,26.9,21.2,11.4,6.1,5.8
2022,27073,LAC QUI PARLE,6571,8.7,570,247,1446,1623,3.8,22.0,24.7,10.2,8.8,8.1,7.2
2022,27075,LAKE,10705,8.6,921,450,2359,2586,4.2,22.0,24.2,6.5,10.0,6.9,7.2
2022,27077,LAKE OF THE WOODS,3734,10.7,399,210,1103,1192,5.6,29.5,31.9,19.1,8.7,11.6,8.7
2022,27079,LE SUEUR,28513,7.4,2123,1051,5027,5622,3.7,17.6,19.7,9.6,6.9,5.9,6.5
2022,27081,LINCOLN,5440,9.1,496,190,1398,1522,3.5,25.7,28.0,7.8,7.9,11.7,13.4
2022,27083,LYON,24401,12.4,3017,1278,6776,7765,5.2,27.8,31.8,12.2,12.1,12.3,13.5
2022,27085,MCLEOD,36326,7.1,2587,1278,7276,8427,3.5,20.0,23.2,7.8,6.1,8.1,9.6
2022,27087,MAHNOMEN,5267,20.6,1083,565,2375,2495,10.7,45.1,47.4,26.9,19.8,12.6,11.6
2022,27089,MARSHALL,8837,7.4,655,209,1810,2061,2.4,20.5,23.3,9.6,6.5,7.8,7.5
2022,27091,MARTIN,19695,11.7,2305,1092,5523,6125,5.5,28.0,31.1,14.4,10.8,10.5,11.4
2022,27093,MEEKER,22968,7.6,1736,558,4572,5111,2.4,19.9,22.3,8.6,7.0,7.5,7.9
2022,27095,MILLE LACS,26131,11.0,2871,1218,6977,7583,4.7,26.7,29.0,14.7,9.7,10.0,10.4
2022,27097,MORRISON,33452,10.3,3448,1275,8503,9385,3.8,25.4,28.1,10.7,9.8,11.2,11.4
2022,27099,MOWER,39300,11.9,4665,1687,10737,11555,4.3,27.3,29.4,18.6,9.5,9.5,9.8
2022,27101,MURRAY,8044,7.4,595,223,1570,1793,2.8,19.5,22.3,7.4,6.6,8.1,9.1
2022,27103,NICOLLET,31983,10.3,3308,1838,6784,7241,5.7,21.2,22.6,11.7,10.2,8.2,8.9
2022,27105,NOBLES,21771,12.2,2665,1023,7073,7859,4.7,32.5,36.1,15.8,10.5,12.6,12.1
2022,27107,NORMAN,6286,8.9,562,345,1535,1639,5.5,24.4,26.1,10.0,9.2,7.6,7.0
2022,27109,OLMSTED,159431,7.9,12551,6146,27549,29776,3.9,17.3,18.7,8.0,8.1,7.2,6.9
2022,27111,OTTER TAIL,59024,8.7,5110,2345,14032,15470,4.0,23.8,26.2,9.7,8.4,8.1,8.4
2022,27113,PENNINGTON,13765,9.6,1325,430,2678,3164,3.1,19.5,23.0,13.5,9.1,8.2,6.5
2022,27115,PINE,27571,10.6,2933,1371,7199,8067,5.0,26.1,29.3,12.2,10.4,9.7,9.7
2022,27117,PIPESTONE,9190,13.0,1198,515,2309,2694,5.6,25.1,29.3,19.1,11.9,6.5,7.5
2022,27119,POLK,30000,11.6,3468,1488,7886,8460,5.0,26.3,28.2,14.0,10.7,10.2,10.7
2022,27121,POPE,11093,9.6,1067,371,2207,2404,3.3,19.9,21.7,10.8,8.9,9.9,10.2
2022,27123,RAMSEY,533522,12.9,68789,30960,139205,150752,5.8,26.1,28.3,18.6,11.8,9.0,8.6
2022,27125,RED LAKE,3900,9.3,363,99,844,914,2.5,21.6,23.4,9.5,8.0,10.9,12.3
2022,27127,REDWOOD,15079,10.1,1519,753,3787,4217,5.0,25.1,28.0,10.2,10.3,8.8,9.4
2022,27129,RENVILLE,14327,10.4,1489,690,3758,4108,4.8,26.2,28.7,13.4,10.1,7.0,7.7
2022,27131,RICE,59518,9.2,5503,2485,12848,13902,4.2,21.6,23.4,11.6,9.0,6.7,6.9
2022,27133,ROCK,9404,8.8,827,358,2274,2515,3.8,24.2,26.7,9.6,7.9,9.4,10.3
2022,27135,ROSEAU,15047,10.4,1563,654,3240,3834,4.3,21.5,25.5,14.2,9.2,8.5,9.1
2022,27137,ST. LOUIS,192749,13.7,26458,13167,51869,56930,6.8,26.9,29.5,13.3,15.4,10.1,9.0
2022,27139,SCOTT,149421,5.0,7517,3700,18867,21047,2.5,12.6,14.1,6.9,4.3,4.9,4.6
2022,27141,SHERBURNE,95780,5.8,5570,2418,13237,15084,2.5,13.8,15.7,5.9,5.2,8.3,9.0
2022,27143,SIBLEY,14802,8.6,1278,548,2801,3275,3.7,18.9,22.1,10.0,7.3,9.4,11.1
2022,27145,STEARNS,152308,12.7,19300,7408,39027,42386,4.9,25.6,27.8,14.2,13.0,9.1,9.1
2022,27147,STEELE,36886,8.5,3121,1382,8212,8896,3.7,22.3,24.1,9.0,8.2,8.3,8.7
2022,27149,STEVENS,9349,11.7,1095,590,2262,2354,6.3,24.2,25.2,8.2,15.0,6.1,4.6
2022,27151,SWIFT,9644,10.7,1034,406,2970,3220,4.2,30.8,33.4,13.0,11.4,7.5,6.8
2022,27153,TODD,24891,12.0,2988,1150,7230,7983,4.6,29.0,32.1,19.3,10.0,8.6,9.1
2022,27155,TRAVERSE,3245,8.4,273,106,831,924,3.3,25.6,28.5,10.6,7.8,7.1,7.8
2022,27157,WABASHA,21211,7.6,1606,550,3675,4166,2.6,17.3,19.6,9.1,7.4,5.7,6.5
2022,27159,WADENA,13761,11.9,1642,646,4286,4652,4.7,31.1,33.8,12.8,11.9,10.3,10.6
2022,27161,WASECA,18111,6.6,1198,602,3679,4481,3.3,20.3,24.7,5.3,7.1,6.8,6.7
2022,27163,WASHINGTON,265165,4.7,12377,5981,29341,34977,2.3,11.1,13.2,4.3,4.5,5.6,5.8
2022,27165,WATONWAN,11059,13.3,1467,618,2795,3280,5.6,25.3,29.7,21.4,11.5,8.0,8.1
2022,27167,WILKIN,6323,13.5,856,430,1691,1829,6.8,26.7,28.9,11.7,12.7,18.4,18.5
2022,27169,WINONA,46485,14.0,6518,2666,12666,13608,5.7,27.2,29.3,9.0,15.9,11.7,12.8
2022,27171,WRIGHT,141270,4.8,6771,3559,17432,19724,2.5,12.3,14.0,5.1,4.1,6.6,7.4
2022,27173,YELLOW MEDICINE,9398,10.0,941,328,2252,2612,3.5,24.0,27.8,9.6,10.1,10.4,10.1
2023,27001,AITKIN,15687,12.3,1937,655,4201,4730,4.2,26.8,30.2,14.5,12.9,11.7,10.5
2023,27003,ANOKA,363694,6.6,24172,10691,59271,66584,2.9,16.3,18.3,8.2,5.8,6.9,7.5
2023,27005,BECKER,34555,11.0,3802,1639,8670,9637,4.7,25.1,27.9,16.3,9.7,9.1,8.6
2023,27007,BELTRAMI,44394,16.0,7084,3014,14768,16172,6.8,33.3,36.4,19.3,16.2,10.7,10.0
2023,27009,BENTON,40723,9.8,3976,1739,9556,10201,4.3,23.5,25.0,9.0,10.0,10.9,9.9
2023,27011,BIG STONE,4991,11.5,572,230,1323,1439,4.6,26.5,28.8,17.8,10.2,8.9,8.4
2023,27013,BLUE EARTH,65697,16.3,10695,5052,20036,21563,7.7,30.5,32.8,12.8,19.5,7.4,7.0
2023,27015,BROWN,24750,7.7,1908,912,5319,6074,3.7,21.5,24.5,7.4,7.0,9.2,9.9
2023,27017,CARLTON,34604,11.1,3846,1830,7649,8649,5.3,22.1,25.0,12.7,10.1,12.3,12.5
2023,27019,CARVER,107417,4.2,4534,2355,10184,11486,2.2,9.5,10.7,4.0,3.9,5.6,5.9
2023,27021,CASS,30287,12.7,3861,1662,8841,9802,5.5,29.2,32.4,20.3,11.4,10.5,9.8
2023,27023,CHIPPEWA,12099,14.4,1748,777,3236,3728,6.4,26.7,30.8,20.5,14.0,8.7,8.5
2023,27025,CHISAGO,55999,5.9,3322,1866,7719,8887,3.3,13.8,15.9,6.2,5.6,6.0,6.7
2023,27027,CLAY,62608,14.4,9003,3696,14926,16493,5.9,23.8,26.3,16.1,14.9,8.0,8.7
2023,27029,CLEARWATER,8393,11.2,940,386,2259,2501,4.6,26.9,29.8,10.2,10.5,14.1,14.2
2023,27031,COOK,5572,11.3,628,191,1160,1278,3.4,20.8,22.9,23.5,11.4,6.7,4.9
2023,27033,COTTONWOOD,11220,14.2,1594,660,3276,3471,5.9,29.2,30.9,18.7,11.8,15.4,14.8
2023,27035,CROW WING,66076,9.7,6390,2492,15744,17454,3.8,23.8,26.4,12.2,9.2,8.6,8.5
2023,27037,DAKOTA,439231,5.6,24512,11423,62316,69745,2.6,14.2,15.9,6.4,5.1,5.7,6.0
2023,27039,DODGE,20684,5.4,1127,400,2930,3372,1.9,14.2,16.3,6.5,5.3,4.0,4.5
2023,27041,DOUGLAS,38794,8.3,3213,1410,7531,8418,3.6,19.4,21.7,8.6,8.7,7.2,6.9
2023,27043,FARIBAULT,13619,11.8,1609,650,3931,4303,4.8,28.9,31.6,14.7,11.1,11.1,10.8
2023,27045,FILLMORE,20841,8.9,1858,682,4546,5100,3.3,21.8,24.5,12.9,7.3,8.1,8.3
2023,27047,FREEBORN,30186,9.8,2959,1432,7771,8978,4.7,25.7,29.7,11.3,10.3,7.8,6.9
2023,27049,GOODHUE,46887,9.3,4344,2301,9192,10273,4.9,19.6,21.9,11.6,8.4,8.3,9.1
2023,27051,GRANT,6029,10.7,645,264,1701,1889,4.4,28.2,31.3,14.8,9.4,8.0,9.7
2023,27053,HENNEPIN,1245699,10.0,124654,58474,240024,260599,4.7,19.3,20.9,11.7,9.8,8.8,8.6
2023,27055,HOUSTON,18539,6.5,1213,522,3361,3882,2.8,18.1,20.9,4.2,6.5,9.0,8.8
2023,27057,HUBBARD,21413,9.7,2072,869,5424,6057,4.1,25.3,28.3,7.9,10.2,10.4,10.1
2023,27059,ISANTI,41465,7.8,3238,1683,7961,9006,4.1,19.2,21.7,8.9,7.3,8.3,8.2
2023,27061,ITASCA,43971,12.7,5593,3008,11552,12966,6.8,26.3,29.5,16.9,12.9,9.7,9.0
2023,27063,JACKSON,9818,9.1,896,315,1954,2524,3.2,19.9,25.7,10.0,8.6,8.1,9.4
2023,27065,KANABEC,16009,9.8,1562,693,4353,4755,4.3,27.2,29.7,9.2,10.0,10.0,9.5
2023,27067,KANDIYOHI,42603,10.0,4260,2250,10484,11599,5.3,24.6,27.2,13.4,9.3,7.8,7.9
2023,27069,KITTSON,4019,9.7,389,180,816,974,4.5,20.3,24.2,7.2,7.4,15.5,17.1
2023,27071,KOOCHICHING,11642,10.7,1247,623,2646,2870,5.4,22.7,24.7,19.6,9.6,6.4,7.1
2023,27073,LAC QUI PARLE,6535,8.0,520,245,1360,1559,3.7,20.8,23.9,8.8,8.0,7.7,7.2
2023,27075,LAKE,10718,8.3,893,438,2438,2617,4.1,22.7,24.4,6.3,9.7,7.2,7.0
2023,27077,LAKE OF THE WOODS,3753,8.2,306,125,983,1095,3.3,26.2,29.2,8.6,7.5,13.3,9.3
2023,27079,LE SUEUR,28671,7.1,2034,926,4588,5390,3.2,16.0,18.8,6.7,7.5,7.9,6.1
2023,27081,LINCOLN,5412,9.2,496,205,1299,1426,3.8,24.0,26.3,7.0,8.2,12.3,13.7
2023,27083,LYON,24693,12.5,3076,1386,6718,7830,5.6,27.2,31.7,12.5,12.5,11.2,12.2
2023,27085,MCLEOD,36248,7.7,2799,1271,7142,7982,3.5,19.7,22.0,8.7,6.7,8.6,9.6
2023,27087,MAHNOMEN,5261,20.9,1101,559,2341,2435,10.6,44.5,46.3,28.2,19.3,14.1,13.0
2023,27089,MARSHALL,8803,7.4,655,284,1691,1919,3.2,19.2,21.8,9.4,6.7,7.7,7.3
2023,27091,MARTIN,19606,11.1,2168,747,5392,6104,3.8,27.5,31.1,14.1,9.8,10.1,11.0
2023,27093,MEEKER,23054,8.3,1915,637,4896,5331,2.8,21.2,23.1,8.4,7.7,9.4,9.9
2023,27095,MILLE LACS,26401,10.5,2783,1077,6535,7308,4.1,24.8,27.7,13.7,9.6,10.9,9.6
2023,27097,MORRISON,33520,10.0,3341,1324,8007,8984,3.9,23.9,26.8,10.9,9.2,11.2,11.2
2023,27099,MOWER,39366,12.1,4782,1925,9760,10673,4.9,24.8,27.1,18.4,10.5,8.6,8.5
2023,27101,MURRAY,7999,8.1,647,264,1576,1839,3.3,19.7,23.0,6.5,8.0,8.9,9.5
2023,27103,NICOLLET,31884,9.6,3061,1734,6824,7533,5.4,21.4,23.6,9.7,10.0,8.1,8.0
2023,27105,NOBLES,21642,12.6,2729,1208,6850,7744,5.6,31.7,35.8,15.5,10.8,13.6,13.5
2023,27107,NORMAN,6248,10.3,641,329,1596,1688,5.3,25.5,27.0,12.8,10.1,7.7,7.8
2023,27109,OLMSTED,160516,7.9,12714,6128,27260,29138,3.8,17.0,18.2,7.7,8.3,7.3,7.0
2023,27111,OTTER TAIL,59247,8.9,5273,2358,14221,15515,4.0,24.0,26.2,9.4,8.6,8.8,9.1
2023,27113,PENNINGTON,13627,9.9,1352,450,2920,3390,3.3,21.4,24.9,11.4,10.3,8.2,6.8
2023,27115,PINE,27907,10.5,2931,1390,7015,7927,5.0,25.1,28.4,11.8,10.5,10.2,9.5
2023,27117,PIPESTONE,9163,11.4,1043,416,2523,2867,4.5,27.5,31.3,12.8,11.4,7.9,9.2
2023,27119,POLK,29746,11.7,3467,1458,7882,8460,4.9,26.5,28.4,12.7,11.8,10.3,9.8
2023,27121,POPE,11159,9.8,1094,306,2328,2533,2.7,20.9,22.7,11.2,8.6,10.7,11.3
2023,27123,RAMSEY,530673,12.4,65817,30886,137359,149091,5.8,25.9,28.1,17.6,11.2,9.2,9.1
2023,27125,RED LAKE,3909,7.8,305,70,768,864,1.8,19.6,22.1,5.2,6.9,11.3,12.7
2023,27127,REDWOOD,15071,12.0,1812,931,3988,4340,6.2,26.5,28.8,12.1,11.8,11.0,12.5
2023,27129,RENVILLE,14243,10.7,1531,660,3772,4143,4.6,26.5,29.1,12.7,10.4,8.8,9.4
2023,27131,RICE,59693,9.3,5550,2348,12139,13143,3.9,20.3,22.0,10.6,9.3,7.4,7.5
2023,27133,ROCK,9379,9.5,889,387,2382,2551,4.1,25.4,27.2,10.6,9.3,8.3,8.4
2023,27135,ROSEAU,15049,11.0,1654,726,3336,3881,4.8,22.2,25.8,14.3,9.8,9.7,10.5
2023,27137,ST. LOUIS,193031,13.4,25849,12405,51324,56671,6.4,26.6,29.4,12.7,14.9,10.8,9.7
2023,27139,SCOTT,151098,4.1,6230,3343,17524,19368,2.2,11.6,12.8,4.4,3.7,5.3,5.9
2023,27141,SHERBURNE,97121,4.8,4702,2210,14025,15819,2.3,14.4,16.3,3.5,4.7,8.0,8.6
2023,27143,SIBLEY,14766,9.9,1460,588,3111,3535,4.0,21.1,23.9,11.5,8.8,9.5,11.2
2023,27145,STEARNS,152879,12.2,18584,7613,38354,42341,5.0,25.1,27.7,12.5,12.6,9.9,10.0
2023,27147,STEELE,36897,7.4,2746,1262,7437,8326,3.4,20.2,22.6,8.4,7.0,7.8,7.5
2023,27149,STEVENS,9277,10.3,959,523,2287,2373,5.6,24.7,25.6,4.6,13.8,6.9,5.7
2023,27151,SWIFT,9609,10.8,1041,423,2939,3239,4.4,30.6,33.7,11.8,11.3,9.0,8.7
2023,27153,TODD,25022,11.8,2945,1140,7493,8260,4.6,29.9,33.0,18.7,9.6,8.5,9.4
2023,27155,TRAVERSE,3177,10.1,321,113,847,934,3.6,26.7,29.4,12.9,9.8,8.9,8.2
2023,27157,WABASHA,21294,8.4,1797,775,3628,4137,3.6,17.0,19.4,10.3,7.7,7.3,8.5
2023,27159,WADENA,13797,11.4,1570,656,4006,4442,4.8,29.0,32.2,11.4,12.0,9.3,9.6
2023,27161,WASECA,18062,7.2,1309,618,3949,4771,3.4,21.9,26.4,5.9,7.9,6.9,6.8
2023,27163,WASHINGTON,269034,5.0,13484,6611,30318,36173,2.5,11.3,13.4,5.3,4.5,5.8,6.4
2023,27165,WATONWAN,11025,13.0,1438,556,2815,3365,5.0,25.5,30.5,22.9,10.6,6.0,6.9
2023,27167,WILKIN,6276,14.7,921,418,1750,1860,6.7,27.9,29.6,15.7,14.5,12.9,14.0
2023,27169,WINONA,46528,13.4,6239,2514,12091,13142,5.4,26.0,28.2,11.0,14.6,10.8,11.8
2023,27171,WRIGHT,144135,4.9,7128,3923,17901,20274,2.7,12.4,14.1,5.4,4.1,7.0,7.7
2023,27173,YELLOW MEDICINE,9367,8.5,795,341,2244,2628,3.6,24.0,28.1,7.4,8.5,9.3,9.6
2024,27001,AITKIN,15824,13.1,2075,697,4255,4854,4.4,26.9,30.7,14.6,14.3,12.1,10.7
2024,27003,ANOKA,366968,7.0,25759,12501,61324,68292,3.4,16.7,18.6,9.3,6.1,6.8,7.2
2024,27005,BECKER,34696,12.9,4476,1789,9067,10040,5.2,26.1,28.9,19.1,11.6,10.7,9.7
2024,27007,BELTRAMI,44479,16.1,7178,2925,14050,15694,6.6,31.6,35.3,18.4,16.3,12.7,12.5
2024,27009,BENTON,40889,9.9,4034,1670,9190,9933,4.1,22.5,24.3,10.5,9.6,10.2,9.9
2024,27011,BIG STONE,4985,12.9,645,290,1230,1308,5.8,24.7,26.2,19.0,11.4,10.4,10.8
2024,27013,BLUE EARTH,66125,15.7,10363,5088,19772,21629,7.7,29.9,32.7,11.4,19.2,6.5,6.6
2024,27015,BROWN,24753,8.5,2096,908,5288,6121,3.7,21.4,24.7,6.2,8.0,11.2,12.1
2024,27017,CARLTON,34638,11.9,4120,2012,7986,9028,5.8,23.1,26.1,14.7,10.8,11.4,12.1
2024,27019,CARVER,108941,4.4,4817,2799,9687,11516,2.6,8.9,10.6,3.5,4.2,6.4,7.0
2024,27021,CASS,30602,12.8,3919,1691,8744,9687,5.5,28.6,31.7,18.0,11.8,11.5,10.9
2024,27023,CHIPPEWA,12083,14.5,1756,806,3244,3764,6.7,26.8,31.2,21.1,14.2,8.9,7.4
2024,27025,CHISAGO,56590,6.0,3368,1933,7622,9020,3.4,13.5,15.9,6.8,5.7,5.7,5.7
2024,27027,CLAY,63129,13.3,8374,3912,14239,15655,6.2,22.6,24.8,12.9,13.9,9.6,11.1
2024,27029,CLEARWATER,8429,12.6,1060,517,2401,2603,6.1,28.5,30.9,12.6,11.7,14.2,14.9
2024,27031,COOK,5586,10.2,568,178,1140,1265,3.2,20.4,22.6,20.1,9.2,8.1,7.2
2024,27033,COTTONWOOD,11206,15.0,1681,727,3087,3360,6.5,27.5,30.0,21.3,12.4,14.7,14.0
2024,27035,CROW WING,66624,9.9,6574,2813,15739,17416,4.2,23.6,26.1,12.6,9.2,8.9,9.0
2024,27037,DAKOTA,442814,5.8,25893,12666,63863,71423,2.9,14.4,16.1,6.2,5.5,6.1,6.6
2024,27039,DODGE,20653,7.0,1454,671,3258,3730,3.2,15.8,18.1,8.8,6.5,6.6,6.6
2024,27041,DOUGLAS,38945,9.0,3496,1484,7597,8412,3.8,19.5,21.6,8.8,9.2,8.8,8.7
2024,27043,FARIBAULT,13628,10.4,1413,600,3608,4122,4.4,26.5,30.2,11.4,9.7,11.3,11.0
2024,27045,FILLMORE,20904,8.4,1753,577,4494,5024,2.8,21.5,24.0,11.6,6.5,9.0,9.6
2024,27047,FREEBORN,30061,10.6,3194,1477,7658,8724,4.9,25.5,29.0,12.1,11.6,7.7,6.8
2024,27049,GOODHUE,47029,9.3,4363,2402,9034,9997,5.1,19.2,21.3,11.0,8.4,9.1,9.9
2024,27051,GRANT,6054,11.6,703,294,1678,1806,4.9,27.7,29.8,14.6,11.0,8.7,10.0
2024,27053,HENNEPIN,1245143,10.0,123902,59740,240632,262423,4.8,19.3,21.1,10.9,9.9,9.0,8.9
2024,27055,HOUSTON,18431,6.6,1213,508,3453,3932,2.8,18.7,21.3,4.5,6.0,9.2,10.0
2024,27057,HUBBARD,21579,10.8,2325,991,5632,6216,4.6,26.1,28.8,11.2,10.4,11.3,11.2
2024,27059,ISANTI,42117,7.5,3139,1831,7785,8848,4.3,18.5,21.0,8.1,6.8,9.1,8.9
2024,27061,ITASCA,44125,12.2,5403,2874,11309,12944,6.5,25.6,29.3,14.7,13.0,9.8,8.7
2024,27063,JACKSON,9790,8.6,842,331,1807,2269,3.4,18.5,23.2,8.3,7.7,9.1,11.0
2024,27065,KANABEC,16144,10.0,1617,756,4401,4792,4.7,27.3,29.7,9.4,9.9,11.9,11.0
2024,27067,KANDIYOHI,43149,9.1,3930,2175,9962,11098,5.0,23.1,25.7,11.8,8.1,8.5,8.5
2024,27069,KITTSON,3950,9.1,361,180,770,920,4.6,19.5,23.3,7.8,8.2,10.7,12.4
2024,27071,KOOCHICHING,11546,10.9,1255,638,2843,3071,5.5,24.6,26.6,17.6,9.1,9.5,10.1
2024,27073,LAC QUI PARLE,6527,8.1,531,255,1299,1556,3.9,19.9,23.8,9.3,8.7,6.8,6.0
2024,27075,LAKE,10685,8.6,915,462,2456,2650,4.3,23.0,24.8,7.9,10.2,5.7,5.8
2024,27077,LAKE OF THE WOODS,3778,6.4,240,113,855,922,3.0,22.6,24.4,5.5,5.2,10.4,9.4
2024,27079,LE SUEUR,28831,6.4,1858,880,4446,5221,3.1,15.4,18.1,4.8,7.1,7.9,6.5
2024,27081,LINCOLN,5424,11.9,648,311,1390,1520,5.7,25.6,28.0,13.6,10.8,11.6,12.9
2024,27083,LYON,24766,12.2,3015,1143,6633,7287,4.6,26.8,29.4,12.0,12.2,10.8,12.4
2024,27085,MCLEOD,36168,8.7,3134,1514,7366,7881,4.2,20.4,21.8,9.3,7.6,10.1,11.2
2024,27087,MAHNOMEN,5240,18.3,961,507,2054,2161,9.7,39.2,41.2,22.9,18.0,14.0,11.6
2024,27089,MARSHALL,8769,8.3,728,313,1926,2139,3.6,22.0,24.4,9.8,7.6,9.0,8.4
2024,27091,MARTIN,19529,13.1,2564,900,6321,7020,4.6,32.4,35.9,13.9,12.0,14.3,14.9
2024,27093,MEEKER,23099,9.1,2096,653,5180,5668,2.8,22.4,24.5,7.8,8.8,10.5,11.1
2024,27095,MILLE LACS,26655,10.4,2768,1238,6689,7397,4.6,25.1,27.8,12.7,9.7,11.3,9.6
2024,27097,MORRISON,33734,11.0,3694,1595,8384,9380,4.7,24.9,27.8,12.0,9.9,12.3,12.5
2024,27099,MOWER,39626,10.4,4119,1805,10127,11361,4.6,25.6,28.7,15.5,8.7,8.8,8.7
2024,27101,MURRAY,7995,9.3,745,351,1673,1933,4.4,20.9,24.2,10.1,9.5,7.9,8.2
2024,27103,NICOLLET,31929,8.0,2557,1498,6063,6878,4.7,19.0,21.5,5.7,8.8,8.2,8.3
2024,27105,NOBLES,21621,14.0,3027,1055,7368,7720,4.9,34.1,35.7,17.9,12.2,13.8,12.9
2024,27107,NORMAN,6223,10.1,630,299,1466,1654,4.8,23.6,26.6,11.0,10.0,8.7,9.4
2024,27109,OLMSTED,161772,7.5,12131,6341,27156,29415,3.9,16.8,18.2,6.8,7.8,7.4,7.4
2024,27111,OTTER TAIL,59440,8.7,5187,2146,13930,15303,3.6,23.4,25.7,8.6,8.9,8.3,8.4
2024,27113,PENNINGTON,13534,10.5,1416,490,2829,3234,3.6,20.9,23.9,12.2,10.0,10.2,9.9
2024,27115,PINE,28201,11.1,3138,1449,7155,7999,5.1,25.4,28.4,11.3,11.4,11.8,10.2
2024,27117,PIPESTONE,9100,10.5,958,370,2427,2733,4.1,26.7,30.0,11.1,10.8,7.7,8.9
2024,27119,POLK,29556,11.9,3510,1369,7257,7823,4.6,24.6,26.5,12.9,11.9,10.9,10.4
2024,27121,POPE,11221,9.4,1058,304,2284,2438,2.7,20.4,21.7,10.2,8.8,10.6,10.2
2024,27123,RAMSEY,529185,12.3,65292,31190,135154,148065,5.9,25.5,28.0,16.8,11.4,9.4,9.3
2024,27125,RED LAKE,3903,7.2,281,88,728,841,2.3,18.7,21.5,4.3,6.8,10.7,11.2
2024,27127,REDWOOD,15053,13.3,1997,921,4107,4474,6.1,27.3,29.7,14.2,12.9,11.9,13.2
2024,27129,RENVILLE,14237,11.0,1572,669,3754,4227,4.7,26.4,29.7,13.8,10.4,9.2,9.6
2024,27131,RICE,60338,10.2,6157,2579,12791,13891,4.3,21.2,23.0,13.2,9.9,7.4,7.1
2024,27133,ROCK,9398,10.6,998,513,2278,2399,5.5,24.2,25.5,11.0,11.1,7.6,8.7
2024,27135,ROSEAU,15071,12.2,1833,786,3549,3921,5.2,23.5,26.0,16.6,10.5,11.0,11.5
2024,27137,ST. LOUIS,193487,13.2,25560,12434,51705,57268,6.4,26.7,29.6,12.5,14.7,10.9,9.5
2024,27139,SCOTT,152827,4.6,7034,4074,19630,21762,2.7,12.8,14.2,4.9,4.0,6.3,7.1
2024,27141,SHERBURNE,98661,5.1,5025,2352,14135,15862,2.4,14.3,16.1,3.8,4.8,8.9,9.4
2024,27143,SIBLEY,14840,9.0,1337,626,3107,3480,4.2,20.9,23.5,8.6,8.5,9.5,11.2
2024,27145,STEARNS,154441,12.9,19912,8482,39676,43764,5.5,25.7,28.3,13.3,13.3,10.3,10.8
2024,27147,STEELE,36946,8.3,3079,1434,7685,8644,3.9,20.8,23.4,9.7,7.6,8.9,8.8
2024,27149,STEVENS,9255,11.1,1030,634,2407,2515,6.9,26.0,27.2,5.4,14.8,6.2,6.1
2024,27151,SWIFT,9562,12.0,1150,497,2942,3288,5.2,30.8,34.4,10.7,13.6,11.0,9.6
2024,27153,TODD,25220,11.5,2900,1049,7340,8116,4.2,29.1,32.2,18.6,9.4,8.1,8.9
2024,27155,TRAVERSE,3141,11.3,356,114,892,989,3.6,28.4,31.5,15.0,11.0,9.1,8.6
2024,27157,WABASHA,21356,7.1,1510,618,3445,3886,2.9,16.1,18.2,5.9,6.7,8.0,9.2
2024,27159,WADENA,13923,12.5,1737,728,3903,4437,5.2,28.0,31.9,14.0,12.5,9.6,10.4
2024,27161,WASECA,17851,7.5,1339,623,3818,4972,3.5,21.4,27.9,6.0,7.4,9.1,9.7
2024,27163,WASHINGTON,273029,5.1,13989,6842,31646,37600,2.5,11.6,13.8,5.0,4.7,6.4,6.7
2024,27165,WATONWAN,11061,13.2,1459,550,3045,3348,5.0,27.5,30.3,21.7,10.7,6.9,8.4
2024,27167,WILKIN,6241,14.1,879,391,1698,1816,6.3,27.2,29.1,13.5,14.6,13.5,13.3
2024,27169,WINONA,46730,14.8,6917,3001,12364,13584,6.4,26.5,29.1,10.6,16.6,12.5,13.0
2024,27171,WRIGHT,147237,5.2,7620,4320,18997,21866,2.9,12.9,14.9,5.6,4.4,7.8,7.8
2024,27173,YELLOW MEDICINE,9326,8.6,798,297,2225,2585,3.2,23.9,27.7,8.1,8.7,9.6,8.8
