fips,county,direction,consistency,metrics_persistent_low,metrics_persistent_high,metrics_reporting_sensitive,min_methods_agree,mean_gap_all,mean_fi_rate,need_rate_vs_state,one_year_or_mixed_flags,times_expected_all,shortlist,priority,individuals_pattern,pounds_pattern,visits_pattern,individuals_mean_gap,pounds_mean_gap,visits_mean_gap
27001,Aitkin,,,0,0,0,0,-0.46488577239447637,0.139,above median,0,0.7245284406635196,False,,not flagged,not flagged,not flagged,-0.5048730367465571,-0.596921815642587,-0.29286246479428496
27003,Anoka,higher than expected,individuals only,0,1,0,3,0.8251298995766668,0.082,at/below median,0,1.7716945535598891,False,,persistent high,not flagged,not flagged,1.1262813276272727,0.4455601306505758,0.9035482404521519
27005,Becker,,,0,0,0,0,-0.6852301699236825,0.11966666666666666,above median,0,0.6219065987392128,False,,not flagged,not flagged,not flagged,-0.7534092508352147,-0.36615651516230113,-0.9361247437735317
27007,Beltrami,,,0,0,0,0,-0.21255235190489544,0.139,above median,0,0.8630090826519814,False,,not flagged,not flagged,not flagged,-0.16527843261517342,-0.2116554460614329,-0.26072317703808007
27009,Benton,lower than expected,all 3 metrics,3,0,0,1,-1.2640790760731857,0.11366666666666668,above median,0,0.41636506328062334,False,second tier,persistent low,persistent low,persistent low,-1.2804770369855383,-1.3069943493663392,-1.2047658418676797
27011,Big Stone,,,0,0,0,0,-0.24642106532598518,0.12033333333333333,above median,0,0.8429850405236478,False,,not flagged,not flagged,not flagged,-0.22361557485685482,-0.13826399867537376,-0.377383622445727
27013,Blue Earth,,,0,0,0,0,0.9168591292081031,0.11833333333333333,above median,2,1.8880004770182401,False,,one-year high,one-year high,not flagged,0.9536172537645479,0.9762516220663819,0.8207085117933796
27015,Brown,lower than expected,"2 metrics (individuals, visits)",2,0,0,3,-0.7876552409632618,0.09899999999999999,at/below median,0,0.5792848175295234,False,second tier,persistent low,not flagged,persistent low,-1.1389494160959277,-0.21403330952457011,-1.0099829972692878
27017,Carlton,,,0,0,0,0,-0.6146498221340894,0.12166666666666666,above median,0,0.6530883950579235,False,,not flagged,not flagged,not flagged,-0.753089841798508,-0.5986508124642663,-0.4922088121394938
27019,Carver,,,0,0,0,0,-0.13889040827540355,0.07033333333333334,at/below median,0,0.9082174061970376,False,,not flagged,not flagged,not flagged,-0.10222563015399484,-0.042121077092510006,-0.2723245175797058
27021,Cass,,,0,0,0,0,0.5697126520909072,0.12433333333333334,above median,0,1.4842279209918299,False,,not flagged,not flagged,not flagged,0.5953136158007387,0.5536834507802233,0.5601408896917596
27023,Chippewa,lower than expected,pounds only,1,0,0,2,-0.6135998506560539,0.12966666666666668,above median,0,0.6535638758479453,False,,not flagged,persistent low,not flagged,-0.5212217467250196,-0.7813430359791008,-0.5382347692640413
27025,Chisago,,,0,0,0,0,-0.038277729169634685,0.08566666666666667,at/below median,0,0.9738167837642504,False,,not flagged,not flagged,not flagged,-0.2743229510302812,0.010675549481086696,0.14881421404029047
27027,Clay,,,0,0,0,0,-0.303621216638383,0.11733333333333333,above median,0,0.8102161700863506,False,,not flagged,not flagged,not flagged,-0.30460137037149754,-0.5562343095109744,-0.05002797003267704
27029,Clearwater,,,0,0,0,0,-0.1601465008299561,0.139,above median,0,0.8949341887562473,False,,not flagged,not flagged,not flagged,-0.17598572173921015,-0.18277051308781367,-0.12168326766284447
27031,Cook,higher than expected,all 3 metrics,0,3,0,1,1.2714642755344994,0.112,at/below median,0,2.4140645876611586,False,second tier,persistent high,persistent high,persistent high,1.256536786299213,1.1184377181046894,1.4394183221995955
27033,Cottonwood,,,0,0,0,0,0.21151553170742965,0.12933333333333333,above median,0,1.1579039077008904,False,,not flagged,not flagged,not flagged,0.41610264405177766,0.006837681545999175,0.2116062695245121
27035,Crow Wing,,,0,0,0,0,-0.30609862633352136,0.11766666666666666,above median,0,0.8088260530480632,False,,not flagged,not flagged,not flagged,-0.5078309654149843,-0.22970016223036183,-0.18076475135521797
27037,Dakota,,,0,0,0,0,-0.2417642787370203,0.08333333333333333,at/below median,0,0.8457104563225168,False,,not flagged,not flagged,not flagged,-0.2790431196493041,-0.19285681402665725,-0.25339290253509955
27039,Dodge,higher than expected,"2 metrics (individuals, visits)",0,2,0,2,0.9632801107268044,0.081,at/below median,0,1.949737782146886,False,second tier,persistent high,not flagged,persistent high,1.1604805868853922,0.6050424625344123,1.1243172827606085
27041,Douglas,,,0,0,1,0,-0.6581718489993967,0.10033333333333333,at/below median,1,0.6336807745907892,False,,not flagged,not flagged,one-year low,-0.965742429529655,0.07713994125178658,-1.0859130587203218
27043,Faribault,,,0,0,0,0,0.09177540154599129,0.118,above median,0,1.0656808181924287,False,,not flagged,not flagged,not flagged,0.18655080056513404,-0.16685929493944704,0.25563469901228686
27045,Fillmore,,,0,0,0,0,-0.22668646447625485,0.09633333333333334,at/below median,0,0.8545954467455421,False,,not flagged,not flagged,not flagged,-0.2828568498821162,-0.2697557628244465,-0.1274467807222018
27047,Freeborn,,,0,0,0,0,-0.11634150512090968,0.11266666666666668,at/below median,0,0.9225240930725749,False,,not flagged,not flagged,not flagged,0.006299857262980879,-0.41430196739849495,0.058977594772785004
27049,Goodhue,,,0,0,0,0,-0.19951832281593163,0.09999999999999999,at/below median,0,0.8708412653089534,False,,not flagged,not flagged,not flagged,-0.15204022302304843,-0.334567211207806,-0.11194753421694041
27051,Grant,,,0,0,0,0,-0.5886719929126384,0.11599999999999999,above median,2,0.6649547191409397,False,,not flagged,not flagged,not flagged,-0.7672837152605597,-0.2609600605771772,-0.7377722029001781
27053,Hennepin,,,0,0,0,0,0.30576295358944033,0.10099999999999999,at/below median,0,1.236072147629187,False,,not flagged,not flagged,not flagged,0.23482882610092184,0.3292075450782832,0.353252489589116
27055,Houston,higher than expected,visits only,0,1,0,1,0.7194507676497407,0.08833333333333333,at/below median,1,1.6465550735697654,False,,one-year high,not flagged,persistent high,0.8699729674708477,0.2731542751665413,1.015225060311833
27057,Hubbard,,,0,0,0,0,0.31284457876578997,0.11833333333333333,above median,0,1.2421544575369192,False,,not flagged,not flagged,not flagged,0.182727891763142,0.5898770036695732,0.16592884086465473
27059,Isanti,,,0,0,0,0,0.0330902286217418,0.10099999999999999,at/below median,0,1.0232014605072561,False,,not flagged,not flagged,not flagged,0.2652744433079916,-0.18352807495080134,0.017524317508035143
27061,Itasca,,,0,0,0,0,0.376410676606649,0.13133333333333333,above median,2,1.2981082329731999,False,,one-year high,one-year high,not flagged,0.36028976244257355,0.5452049990339098,0.22373726834346344
27063,Jackson,higher than expected,"2 metrics (individuals, pounds)",0,2,0,1,0.9342796639230749,0.10333333333333333,at/below median,0,1.9109362685336402,False,second tier,persistent high,persistent high,not flagged,1.0099298086836406,1.1140043479624648,0.6789048351231196
27065,Kanabec,,,0,0,0,0,-0.04721954836858839,0.12033333333333333,above median,0,0.9677997365686676,False,,not flagged,not flagged,not flagged,-0.0671015514991679,-0.05738099217578707,-0.017176101430810203
27067,Kandiyohi,,,0,0,0,0,-0.5669238588296958,0.114,above median,0,0.6750546190041914,False,,not flagged,not flagged,not flagged,-0.41535629658134826,-0.7034402927277211,-0.5819749871800178
27069,Kittson,higher than expected,all 3 metrics,0,3,0,1,1.1143264906573762,0.09933333333333334,at/below median,0,2.1649391725121605,False,second tier,persistent high,persistent high,persistent high,0.987421494605865,1.2687755346279623,1.0867824427383013
27071,Koochiching,higher than expected,visits only,0,1,0,3,0.9697762009347111,0.13166666666666668,above median,2,1.9585367522402712,False,,one-year high,one-year high,persistent high,0.7859899216778441,0.903546838095945,1.2197918430303443
27073,Lac qui Parle,lower than expected,all 3 metrics,3,0,0,3,-1.2854255788397777,0.10433333333333333,at/below median,0,0.41024976747836955,True,shortlist,persistent low,persistent low,persistent low,-1.545498786644486,-1.0831993225472896,-1.2275786273275575
27075,Lake,,,0,0,0,0,0.3814930841268249,0.11233333333333334,at/below median,0,1.302689346490331,False,,not flagged,not flagged,not flagged,0.26048838320047096,0.43041947471059433,0.4535713944694096
27077,Lake of the Woods,,,0,0,0,0,0.23753492248786046,0.104,at/below median,0,1.1789764676916656,False,,not flagged,not flagged,not flagged,0.10515120336683441,0.21462011637894088,0.3928334477178061
27079,Le Sueur,,,0,0,0,0,0.19610296192448515,0.09733333333333333,at/below median,0,1.1455996539522884,False,,not flagged,not flagged,not flagged,0.15917685599041617,0.10750219772567604,0.3216298320573632
27081,Lincoln,lower than expected,pounds only,1,0,0,3,-0.47652450768314386,0.109,at/below median,1,0.7187069250955683,False,,not flagged,persistent low,one-year high,-0.4945904945097575,-1.20234805618223,0.26736502764255593
27083,Lyon,,,0,0,0,0,-0.5279853114130317,0.11699999999999999,above median,0,0.6935225455273496,False,,not flagged,not flagged,not flagged,-0.6585919349450151,-0.38440378672619485,-0.5409602125678852
27087,Mahnomen,higher than expected,all 3 metrics,0,3,0,3,1.3010276961046132,0.163,above median,0,2.4640434498544863,True,shortlist,persistent high,persistent high,persistent high,1.2320488123445468,1.3785752862826446,1.2924589896866479
27089,Marshall,,,0,0,0,0,-0.31348304507558117,0.10366666666666667,at/below median,0,0.8046966629019892,False,,not flagged,not flagged,not flagged,-0.39419909816665094,-0.2315732367032434,-0.31467680035684903
27091,Martin,,,0,0,0,0,-0.06700177570278558,0.132,above median,0,0.9546198391705774,False,,not flagged,not flagged,not flagged,-0.2995117109282687,0.08239823091698402,0.01610815290292796
27085,McLeod,,,0,0,0,0,0.2966333486765071,0.106,at/below median,0,1.228274782930998,False,,not flagged,not flagged,not flagged,0.31206630673807645,0.11681892965309615,0.46101480963834857
27093,Meeker,,,0,0,0,0,-0.3403466986528895,0.103,at/below median,0,0.7898514773233113,False,,not flagged,not flagged,not flagged,-0.4605172996251478,-0.4017638719799462,-0.15875892435357444
27095,Mille Lacs,higher than expected,"2 metrics (individuals, visits)",0,2,0,3,0.6778835417513697,0.12733333333333333,above median,0,1.5997911119844215,False,second tier,persistent high,not flagged,persistent high,0.7069034530033669,0.5684350762687629,0.7583120959819792
27097,Morrison,,,0,0,0,0,-0.6038982427437721,0.11733333333333333,above median,0,0.6579736695736769,False,,not flagged,not flagged,not flagged,-0.7828980022282567,-0.40455950290738824,-0.6242372230956713
27099,Mower,,,0,0,0,0,0.09179858265262612,0.11233333333333333,above median,0,1.0656979416027506,False,,not flagged,not flagged,not flagged,0.3899269505851996,-0.35568945402153557,0.24115825139421432
27101,Murray,,,0,0,0,0,-0.12477178604794027,0.103,at/below median,0,0.9171491117491102,False,,not flagged,not flagged,not flagged,-0.03064808526369826,-0.13828346275100856,-0.20538381012911403
27103,Nicollet,lower than expected,all 3 metrics,3,0,0,3,-1.7642519470712739,0.104,at/below median,0,0.2943792835705764,True,shortlist,persistent low,persistent low,persistent low,-1.7012603445780876,-1.6638500037528534,-1.9276454928828812
27105,Nobles,lower than expected,pounds only,1,0,0,1,-0.9366554384354847,0.12633333333333333,above median,2,0.5224426424899806,False,,one-year low,persistent low,one-year low,-0.6262723204143695,-1.0813751164305418,-1.1023188784615428
27107,Norman,lower than expected,all 3 metrics,3,0,0,3,-1.2640073984099083,0.11166666666666668,above median,0,0.41638575013082163,True,shortlist,persistent low,persistent low,persistent low,-1.0612873402095644,-1.3734272650426818,-1.357307589977479
27109,Olmsted,higher than expected,"2 metrics (individuals, visits)",0,2,0,3,1.029187873111051,0.09066666666666667,at/below median,1,2.040875071531079,True,shortlist,persistent high,one-year high,persistent high,1.0367122171994378,0.9470209577772479,1.1038304443564673
27111,Otter Tail,,,0,0,0,0,-0.6489006948573858,0.109,at/below median,0,0.6377660937327488,False,,not flagged,not flagged,not flagged,-0.811888045178384,-0.4101926693909448,-0.7246213700028287
27113,Pennington,,,0,0,0,0,-0.02128177607985034,0.12166666666666666,above median,0,0.9853568658328429,False,,not flagged,not flagged,not flagged,-0.01006641562450028,0.537715533696223,-0.5914944463112738
27115,Pine,,,0,0,0,0,-0.2906885248422159,0.128,above median,0,0.8175118087053769,False,,not flagged,not flagged,not flagged,-0.3847997991929078,-0.354279562795431,-0.13298621253830886
27117,Pipestone,higher than expected,"2 metrics (individuals, pounds)",0,2,0,3,1.0757685643248236,0.11333333333333333,above median,1,2.1078446811522977,True,shortlist,persistent high,persistent high,one-year high,1.1923845813199432,1.2269354106350907,0.8079857010194372
27119,Polk,,,0,0,0,0,-0.29198593452049376,0.11966666666666666,above median,0,0.8167769541952088,False,,not flagged,not flagged,not flagged,-0.4297111370789537,-0.010462951402076945,-0.43578371508045066
27121,Pope,lower than expected,"2 metrics (individuals, visits)",2,0,0,3,-1.3760632944077853,0.10566666666666667,at/below median,0,0.38526865117104764,True,shortlist,persistent low,not flagged,persistent low,-1.8053958192816733,-0.5905481556954916,-1.7322459082461907
27123,Ramsey,,,0,0,0,0,-0.07105490702876575,0.11833333333333333,above median,0,0.9519416781908698,False,,not flagged,not flagged,not flagged,-0.054078310342082624,-0.20062109736993486,0.04153468662572024
27125,Red Lake,,,0,0,0,0,0.5785828452201347,0.10466666666666667,at/below median,0,1.493381583900836,False,,not flagged,not flagged,not flagged,0.4326591571882486,0.6970068599016267,0.6060825185705289
27127,Redwood,,,0,0,0,0,-0.005504120711561218,0.114,above median,0,0.9961921027457332,False,,not flagged,not flagged,not flagged,0.021422987588303855,0.2830864166072722,-0.3210217663302597
27129,Renville,higher than expected,all 3 metrics,0,3,0,2,1.4741164890130445,0.11633333333333333,above median,0,2.7781345802588575,True,shortlist,persistent high,persistent high,persistent high,1.751742731719128,1.0444684624145306,1.626138272905474
27131,Rice,higher than expected,all 3 metrics,0,3,0,3,1.685009726053317,0.09799999999999999,at/below median,0,3.215425639969413,True,shortlist,persistent high,persistent high,persistent high,1.9159824070068208,1.3997651870404972,1.7392815841126332
27133,Rock,,,0,0,0,0,-0.06062135527760857,0.09699999999999999,at/below median,0,0.9588510621860593,False,,not flagged,not flagged,not flagged,0.2722538441192051,-0.3811173074161734,-0.07300060253585745
27135,Roseau,lower than expected,all 3 metrics,3,0,0,3,-1.1067779854981543,0.10666666666666667,at/below median,0,0.46432987578860463,True,shortlist,persistent low,persistent low,persistent low,-0.9636270915644646,-1.1630425044310755,-1.1936643604989225
27139,Scott,,,0,0,0,0,-0.9860244888398375,0.06766666666666667,at/below median,3,0.5048670789248648,False,,one-year low,one-year low,one-year low,-1.1532263759562067,-0.5100279788557766,-1.2948191117075296
27141,Sherburne,,,0,0,0,0,0.543315234941506,0.07833333333333332,at/below median,0,1.4573175091237847,False,,not flagged,not flagged,not flagged,0.6892583052120275,0.38637905047453697,0.5543083491379536
27143,Sibley,,,0,0,0,0,0.03349569936016906,0.11,at/below median,0,1.0234890726126606,False,,not flagged,not flagged,not flagged,-0.03282602072199955,0.18719036200093697,-0.053877243198430236
27137,St. Louis,,,0,0,0,0,-0.4133288371983903,0.12566666666666668,above median,0,0.7508887919460882,False,,not flagged,not flagged,not flagged,-0.7306821890996472,-0.18008989010545542,-0.32921443239006837
27145,Stearns,,,0,0,0,0,-0.5228344933244203,0.11233333333333333,above median,0,0.6960030371421105,False,,not flagged,not flagged,not flagged,-0.6474921170739959,-0.1582276086095066,-0.7627837542897584
27147,Steele,higher than expected,all 3 metrics,0,3,0,3,2.0463979005691026,0.09733333333333333,at/below median,0,4.130733256180502,True,shortlist,persistent high,persistent high,persistent high,2.2558423660534097,1.688045523577672,2.195305812076226
27149,Stevens,,,0,0,0,0,-0.10655791431261935,0.11133333333333334,at/below median,1,0.9288014217396895,False,,not flagged,not flagged,not flagged,0.07229668601526622,-0.28473675081289446,-0.10723367814022981
27151,Swift,,,0,0,0,0,-0.8025233545581032,0.13166666666666668,above median,1,0.5733454865792534,False,,not flagged,one-year low,not flagged,-0.623704342364619,-1.0502473208047245,-0.733618400504966
27153,Todd,,,0,0,0,0,-0.8063803271468002,0.11699999999999999,above median,2,0.5718147233952016,False,,one-year low,not flagged,one-year low,-0.8898184868133132,-0.5590606086311117,-0.9702618859959754
27155,Traverse,,,0,0,0,0,0.15936864304378753,0.11533333333333334,above median,0,1.1167982941669143,False,,not flagged,not flagged,not flagged,0.2290485591793896,0.046251091551456604,0.20280627840051638
27157,Wabasha,,,0,0,0,0,0.9188817068524887,0.09500000000000001,at/below median,3,1.8906492041930114,False,,one-year high,one-year high,one-year high,0.9957031381647857,0.9446277286378179,0.8163142537548627
27159,Wadena,,,0,0,0,0,-0.5496541849734321,0.12933333333333333,above median,0,0.6831838684108826,False,,not flagged,not flagged,not flagged,-0.5239798233178998,-0.5402675074157012,-0.5847152241866956
27161,Waseca,,,0,0,0,0,0.15874919976128923,0.09966666666666667,at/below median,0,1.116318882588682,False,,not flagged,not flagged,not flagged,0.18801445773428385,-0.058048077288700504,0.3462812188382844
27163,Washington,higher than expected,all 3 metrics,0,3,0,3,1.7177115738162259,0.07433333333333335,at/below median,0,3.2891426378103352,True,shortlist,persistent high,persistent high,persistent high,2.120692529081533,1.1559919359069053,1.8764502564602388
27165,Watonwan,higher than expected,individuals only,0,1,0,2,0.6338111192475121,0.125,above median,0,1.551658548760529,False,,persistent high,not flagged,not flagged,1.0100666287238582,0.4967074566397933,0.39465927237888465
27167,Wilkin,not scored (no food shelf in data),,,,,,,0.121,,,,False,,,,,,,
27169,Winona,,,0,0,0,0,-0.4514299437137608,0.11033333333333334,at/below median,0,0.7313176347806049,False,,not flagged,not flagged,not flagged,-0.5707179617647871,-0.5185698156256405,-0.26500205375085467
27171,Wright,,,0,0,0,0,-0.26322121082092564,0.07466666666666667,at/below median,0,0.8332254375270518,False,,not flagged,not flagged,not flagged,-0.388979430972934,0.030349418307944614,-0.43103361979778754
27173,Yellow Medicine,,,0,0,0,0,0.10804145489285094,0.103,at/below median,0,1.0777641134414793,False,,not flagged,not flagged,not flagged,-0.03588660518892143,0.31079889416518,0.04921207570229432
