fips,county,pop_2020,pop_urban_2020,pop_rural_2020,pct_rural_2020,land_sq_mi,pop_per_sq_mi,rural_band
27001,Aitkin,15697,0,15697,100.0,1821.8,8.6,rural (>75%)
27003,Anoka,363887,306020,57867,15.9,422.0,862.4,mostly urban (<25%)
27005,Becker,35183,10234,24949,70.9,1315.1,26.8,mostly rural (50-75%)
27007,Beltrami,46228,14849,31379,67.9,2504.7,18.5,mostly rural (50-75%)
27009,Benton,41379,22744,18635,45.0,408.3,101.3,mixed (25-50%)
27011,Big Stone,5166,0,5166,100.0,499.2,10.3,rural (>75%)
27013,Blue Earth,69112,45909,23203,33.6,747.8,92.4,mixed (25-50%)
27015,Brown,25912,13435,12477,48.2,611.1,42.4,mixed (25-50%)
27017,Carlton,36207,13213,22994,63.5,861.2,42.0,mostly rural (50-75%)
27019,Carver,106922,80565,26357,24.7,354.0,302.0,mostly urban (<25%)
27021,Cass,30066,0,30066,100.0,2021.5,14.9,rural (>75%)
27023,Chippewa,12598,5391,7207,57.2,581.2,21.7,mostly rural (50-75%)
27025,Chisago,56621,19446,37175,65.7,414.9,136.5,mostly rural (50-75%)
27027,Clay,65318,48471,16847,25.8,1045.2,62.5,mixed (25-50%)
27029,Clearwater,8524,0,8524,100.0,998.8,8.5,rural (>75%)
27031,Cook,5600,0,5600,100.0,1452.6,3.9,rural (>75%)
27033,Cottonwood,11517,0,11517,100.0,640.0,18.0,rural (>75%)
27035,Crow Wing,66123,20687,45436,68.7,998.4,66.2,mostly rural (50-75%)
27037,Dakota,439882,417971,21911,5.0,562.5,782.0,mostly urban (<25%)
27039,Dodge,20867,7649,13218,63.3,439.3,47.5,mostly rural (50-75%)
27041,Douglas,39006,18957,20049,51.4,636.9,61.2,mostly rural (50-75%)
27043,Faribault,13921,0,13921,100.0,712.5,19.5,rural (>75%)
27045,Fillmore,21228,0,21228,100.0,861.3,24.6,rural (>75%)
27047,Freeborn,30895,17992,12903,41.8,707.2,43.7,mixed (25-50%)
27049,Goodhue,47582,15744,31838,66.9,756.7,62.9,mostly rural (50-75%)
27051,Grant,6074,0,6074,100.0,547.8,11.1,rural (>75%)
27053,Hennepin,1281565,1250960,30605,2.4,554.0,2313.2,mostly urban (<25%)
27055,Houston,18843,5461,13382,71.0,552.0,34.1,mostly rural (50-75%)
27057,Hubbard,21344,0,21344,100.0,926.0,23.0,rural (>75%)
27059,Isanti,41135,16749,24386,59.3,435.8,94.4,mostly rural (50-75%)
27061,Itasca,45014,10348,34666,77.0,2667.7,16.9,rural (>75%)
27063,Jackson,9989,0,9989,100.0,703.0,14.2,rural (>75%)
27065,Kanabec,16032,0,16032,100.0,521.6,30.7,rural (>75%)
27067,Kandiyohi,43732,24944,18788,43.0,797.4,54.8,mixed (25-50%)
27069,Kittson,4207,0,4207,100.0,1099.0,3.8,rural (>75%)
27071,Koochiching,12062,6575,5487,45.5,3104.6,3.9,mixed (25-50%)
27073,Lac qui Parle,6719,0,6719,100.0,765.0,8.8,rural (>75%)
27075,Lake,10905,0,10905,100.0,2109.1,5.2,rural (>75%)
27077,Lake of the Woods,3763,0,3763,100.0,1297.8,2.9,rural (>75%)
27079,Le Sueur,28674,4079,24595,85.8,448.7,63.9,rural (>75%)
27081,Lincoln,5640,0,5640,100.0,536.8,10.5,rural (>75%)
27083,Lyon,25269,13508,11761,46.5,714.4,35.4,mixed (25-50%)
27085,McLeod,36771,20408,16363,44.5,491.5,74.8,mixed (25-50%)
27087,Mahnomen,5411,0,5411,100.0,557.9,9.7,rural (>75%)
27089,Marshall,9040,0,9040,100.0,1775.1,5.1,rural (>75%)
27091,Martin,20025,8387,11638,58.1,712.3,28.1,mostly rural (50-75%)
27093,Meeker,23400,6569,16831,71.9,608.0,38.5,mostly rural (50-75%)
27095,Mille Lacs,26459,4803,21656,81.8,572.3,46.2,rural (>75%)
27097,Morrison,34010,9411,24599,72.3,1125.1,30.2,mostly rural (50-75%)
27099,Mower,40029,25479,14550,36.3,711.3,56.3,mixed (25-50%)
27101,Murray,8179,0,8179,100.0,704.7,11.6,rural (>75%)
27103,Nicollet,34454,25768,8686,25.2,448.6,76.8,mixed (25-50%)
27105,Nobles,22290,13800,8490,38.1,715.1,31.2,mixed (25-50%)
27107,Norman,6441,0,6441,100.0,872.8,7.4,rural (>75%)
27109,Olmsted,162847,134563,28284,17.4,653.5,249.2,mostly urban (<25%)
27111,Otter Tail,60081,13266,46815,77.9,1971.6,30.5,rural (>75%)
27113,Pennington,13992,8892,5100,36.4,616.6,22.7,mixed (25-50%)
27115,Pine,28876,0,28876,100.0,1411.3,20.5,rural (>75%)
27117,Pipestone,9424,0,9424,100.0,465.1,20.3,rural (>75%)
27119,Polk,31192,16677,14515,46.5,1971.0,15.8,mixed (25-50%)
27121,Pope,11308,4202,7106,62.8,669.5,16.9,mostly rural (50-75%)
27123,Ramsey,552352,552241,111,0.0,152.2,3628.0,mostly urban (<25%)
27125,Red Lake,3935,0,3935,100.0,432.4,9.1,rural (>75%)
27127,Redwood,15425,4608,10817,70.1,878.6,17.6,mostly rural (50-75%)
27129,Renville,14723,0,14723,100.0,982.9,15.0,rural (>75%)
27131,Rice,67097,45500,21597,32.2,495.8,135.3,mixed (25-50%)
27133,Rock,9704,4808,4896,50.5,482.5,20.1,mostly rural (50-75%)
27135,Roseau,15331,0,15331,100.0,1671.7,9.2,rural (>75%)
27137,St. Louis,200231,121565,78666,39.3,6247.5,32.0,mixed (25-50%)
27139,Scott,150928,123607,27321,18.1,356.3,423.6,mostly urban (<25%)
27141,Sherburne,97183,47689,49494,50.9,432.9,224.5,mostly rural (50-75%)
27143,Sibley,14836,0,14836,100.0,588.8,25.2,rural (>75%)
27145,Stearns,158292,98159,60133,38.0,1342.8,117.9,mixed (25-50%)
27147,Steele,37406,26278,11128,29.7,429.6,87.1,mixed (25-50%)
27149,Stevens,9671,5030,4641,48.0,563.6,17.2,mixed (25-50%)
27151,Swift,9838,0,9838,100.0,742.0,13.3,rural (>75%)
27153,Todd,25262,146,25116,99.4,945.1,26.7,rural (>75%)
27155,Traverse,3360,0,3360,100.0,573.9,5.9,rural (>75%)
27157,Wabasha,21387,4025,17362,81.2,522.9,40.9,rural (>75%)
27159,Wadena,14065,3960,10105,71.8,536.3,26.2,mostly rural (50-75%)
27161,Waseca,18968,9211,9757,51.4,423.4,44.8,mostly rural (50-75%)
27163,Washington,267568,231804,35764,13.4,384.7,695.5,mostly urban (<25%)
27165,Watonwan,11253,0,11253,100.0,434.9,25.9,rural (>75%)
27167,Wilkin,6506,3386,3120,48.0,751.0,8.7,mixed (25-50%)
27169,Winona,49671,29633,20038,40.3,626.2,79.3,mixed (25-50%)
27171,Wright,141337,85978,55359,39.2,661.2,213.8,mixed (25-50%)
27173,Yellow Medicine,9528,0,9528,100.0,759.1,12.6,rural (>75%)
