metric,model,Aug2023,Aug2024,Aug2025,mo2024,mo2025,mo2026,monthly_all
individuals,A_blend_all_counties,20.3,7.51,6.22,11.81,8.84,11.74,10.64
individuals,B_site_level_blend,19.59,8.57,6.2,10.82,8.69,11.52,10.16
individuals,C_site_level_blend_capped,21.22,8.35,7.12,10.99,8.8,11.65,10.29
individuals,D_county_by_county_FINAL,20.3,8.09,4.11,9.1,7.66,11.68,9.13
pounds,A_blend_all_counties,14.3,10.24,11.53,12.0,9.71,10.41,10.75
pounds,B_site_level_blend,14.95,10.79,13.97,12.05,11.21,11.18,11.53
pounds,C_site_level_blend_capped,14.95,10.53,14.23,11.98,11.02,11.3,11.45
pounds,D_county_by_county_FINAL,14.3,7.87,10.52,8.65,8.33,10.36,8.91
visits,A_blend_all_counties,20.67,7.37,6.59,11.2,9.2,12.29,10.67
visits,B_site_level_blend,16.81,7.85,6.55,10.2,9.22,12.3,10.29
visits,C_site_level_blend_capped,18.67,8.24,6.24,10.3,9.44,12.22,10.4
visits,D_county_by_county_FINAL,20.67,8.0,6.11,8.54,8.82,12.32,9.51
