metric,model,WAPE,MAPE,MdAPE,MAE,RMSE,Bias,RelMAE_vs_naive,State_APE
individuals,A_blend_all_counties,0.10644478284967064,0.1545692409338771,0.10113760190959707,941.0355614545199,3221.671900704412,-0.026657379442243903,0.7189176741798554,0.0573873581656025
individuals,B_site_level_blend,0.10156998434919956,0.16057506917625283,0.10014577517264969,898.9023460100968,3007.055058252025,-0.019549411521897136,0.6957104070407408,0.05560535184815621
individuals,C_site_level_blend_capped,0.10292475553785471,0.15949338650932904,0.10098458198184086,910.907788166579,3035.2808084538988,-0.023669827443299964,0.7062078781720899,0.055327148378875673
individuals,D_county_by_county_FINAL,0.09127887259417922,0.13755658169831766,0.09104852423012161,806.6746987574323,2775.354726700631,0.0013598614410017793,0.6495079072911607,0.04727306750063887
pounds,A_blend_all_counties,0.10752380533324608,0.2027565887903916,0.10925819851534417,15957.852383814574,46939.47764377569,-0.011711046327683128,0.7639406299722933,0.04716133897026278
pounds,B_site_level_blend,0.11525955525494501,0.23068669041382128,0.10808599640933317,17129.87604119487,50934.42874993187,-0.007965508405147183,0.8324720004630113,0.04457495589350804
pounds,C_site_level_blend_capped,0.11451920247390192,0.22722230844664718,0.10795641792136096,17014.748264277507,50099.364352720164,-0.012771759315139852,0.8270239478506094,0.043147197395711226
pounds,D_county_by_county_FINAL,0.08911029610959659,0.17363472593193688,0.0980363395180565,13214.355145046726,39524.35557940363,0.0009048747377731424,0.6613285301669997,0.0370802866533148
visits,A_blend_all_counties,0.10672997001556471,0.15372503099694362,0.09707769947637776,305.7362126912975,1057.185418937645,-0.030056881098747417,0.7270074949688599,0.0550808175030629
visits,B_site_level_blend,0.10293219758668896,0.15810990109753364,0.09555565310295107,294.7921326970898,1018.7311672923958,-0.019145131975828,0.7116569228268592,0.05726919402680064
visits,C_site_level_blend_capped,0.10402583900692874,0.1552240693196037,0.09543795209072593,298.2404236572825,1027.697589324272,-0.02560409590724879,0.7195631677766644,0.05863159170192038
visits,D_county_by_county_FINAL,0.09505171883170568,0.1362458408855602,0.08422992470944536,272.48840150003485,969.6931299695062,-0.004950894873034272,0.6891177561957645,0.047861498773337806
