metric,model,folds,mape,median_ape,mae,rmse,wape,folds_better_than_naive
individuals,robust_ensemble,3,0.09452106166393437,0.10283906031047693,69625.2148715572,75564.73095325436,0.09484367341396285,1
individuals,ytd_growth,3,0.0979320756400777,0.026785426684136093,72783.20068820643,108146.4803986564,0.09914549102404484,1
individuals,aug_jul_ratio,3,0.10173941308126229,0.10233442474944361,74643.21807936653,87673.18473019238,0.10167921220992436,1
individuals,seasonal_naive,3,0.10321523673978795,0.025645150645150647,75366.66666666667,111019.66481364162,0.10266469601305898,0
individuals,trend_month_regression,3,0.15493993347314802,0.17310469408670104,113797.87027416122,124664.70957102165,0.15501579511672203,1
pounds,ytd_growth,3,0.06680893286347346,0.02736281190694205,882676.6967485374,1294114.488131229,0.06753245412950376,2
pounds,seasonal_naive,3,0.07030037362554625,0.032280587893666876,921331.5800000007,1332353.7461724586,0.07048988932596557,0
pounds,robust_ensemble,3,0.08109817581886543,0.07758388669713033,1061637.7983195968,1168404.6619067765,0.0812245368901933,1
pounds,aug_jul_ratio,3,0.09649007998824873,0.12288718550059378,1259509.4972842329,1435123.2021037575,0.09636344503524784,1
pounds,trend_month_regression,3,0.10205516980941794,0.11193474801465712,1329350.352882913,1424418.0217943832,0.10170687870066251,1
visits,seasonal_naive,3,0.07202975127443285,0.01753782953312517,17118.333333333332,26640.16512085964,0.07142449837346021,0
visits,ytd_growth,3,0.09019578266214291,0.05659978913104294,21756.911071180697,30756.88906271775,0.09077849047308328,1
visits,robust_ensemble,3,0.09179602363958732,0.12097841032492497,22079.89709078449,24847.320437495684,0.0921261166690822,1
visits,aug_jul_ratio,3,0.10143955707317043,0.0895401502812911,24397.313630917546,30719.383623017377,0.10179530061814442,1
visits,trend_month_regression,3,0.13059404831765214,0.15241667036855908,31402.50254929931,35509.04583290971,0.1310237362820568,1
