forecast_year,cutoff,metric,model,actual,prediction,error,absolute_error,absolute_percentage_error
2023,2023-07-31,visits,seasonal_naive,237243.0,191311.0,-45932.0,45932.0,0.19360739832155216
2023,2023-07-31,visits,ytd_growth,237243.0,237079.5429881187,-163.45701188131352,163.45701188131352,0.0006889856049759678
2023,2023-07-31,visits,aug_jul_ratio,237243.0,234193.46484311493,-3049.5351568850747,3049.5351568850747,0.012854057472233426
2023,2023-07-31,visits,trend_month_regression,237243.0,228297.142857138,-8945.85714286199,8945.85714286199,0.037707570477788555
2023,2023-07-31,visits,robust_ensemble,237243.0,231245.30385012645,-5997.696149873547,5997.696149873547,0.025280813975011054
2023,2023-07-31,pounds,seasonal_naive,13154185.78,10885355.6,-2268830.1799999997,2268830.1799999997,0.1724797123855126
2023,2023-07-31,pounds,ytd_growth,13154185.78,12794250.268712888,-359935.5112871118,359935.5112871118,0.02736281190694205
2023,2023-07-31,pounds,aug_jul_ratio,13154185.78,12849520.796128985,-304664.9838710148,304664.9838710148,0.023161067432560984
2023,2023-07-31,pounds,trend_month_regression,13154185.78,12513554.115713987,-640631.6642860118,640631.6642860118,0.04870173456574154
2023,2023-07-31,pounds,robust_ensemble,13154185.78,12653902.192213438,-500283.5877865609,500283.5877865609,0.03803227323634172
2023,2023-07-31,individuals,seasonal_naive,729120.0,538474.0,-190646.0,190646.0,0.2614741057713408
2023,2023-07-31,individuals,ytd_growth,729120.0,716094.2573007703,-13025.74269922974,13025.74269922974,0.01786501906302082
2023,2023-07-31,individuals,aug_jul_ratio,729120.0,711627.5941790971,-17492.405820902903,17492.405820902903,0.023991120557525378
2023,2023-07-31,individuals,trend_month_regression,729120.0,683901.4285714156,-45218.5714285844,45218.5714285844,0.06201800996898234
2023,2023-07-31,individuals,robust_ensemble,729120.0,697764.5113752563,-31355.48862474365,31355.48862474365,0.04300456526325386
2024,2024-07-31,visits,seasonal_naive,241478.0,237243.0,-4235.0,4235.0,0.01753782953312517
2024,2024-07-31,visits,ytd_growth,241478.0,292984.91287136247,51506.91287136247,51506.91287136247,0.21329857325040985
2024,2024-07-31,visits,aug_jul_ratio,241478.0,263099.9764096256,21621.97640962561,21621.97640962561,0.0895401502812911
2024,2024-07-31,visits,trend_month_regression,241478.0,278283.2727272589,36805.27272725891,36805.27272725891,0.15241667036855908
2024,2024-07-31,visits,robust_ensemble,241478.0,270691.62456844223,29213.624568442232,29213.624568442232,0.12097841032492497
2024,2024-07-31,pounds,seasonal_naive,13235462.38,13154185.78,-81276.60000000149,81276.60000000149,0.006140820597459284
2024,2024-07-31,pounds,ytd_growth,13235462.38,15446504.269221514,2211041.8892215136,2211041.8892215136,0.1670543745084872
2024,2024-07-31,pounds,aug_jul_ratio,13235462.38,15133718.693821477,1898256.313821476,1898256.313821476,0.1434219870315914
2024,2024-07-31,pounds,trend_month_regression,13235462.38,14716970.526362775,1481508.146362774,1481508.146362774,0.11193474801465712
2024,2024-07-31,pounds,robust_ensemble,13235462.38,14925344.610092126,1689882.230092125,1689882.230092125,0.12767836752312425
2024,2024-07-31,individuals,seasonal_naive,745923.0,729120.0,-16803.0,16803.0,0.022526453802872413
2024,2024-07-31,individuals,ytd_growth,745923.0,931766.5685299645,185843.56852996454,185843.56852996454,0.24914578117307623
2024,2024-07-31,individuals,aug_jul_ratio,745923.0,822256.6011123792,76333.60111237923,76333.60111237923,0.10233442474944361
2024,2024-07-31,individuals,trend_month_regression,745923.0,875045.7727272343,129122.77272723429,129122.77272723429,0.17310469408670104
2024,2024-07-31,individuals,robust_ensemble,745923.0,848651.1869198068,102728.18691980676,102728.18691980676,0.13771955941807232
2025,2025-07-31,visits,seasonal_naive,240290.0,241478.0,1188.0,1188.0,0.0049440259686212495
2025,2025-07-31,visits,ytd_growth,240290.0,253890.3633302983,13600.363330298307,13600.363330298307,0.05659978913104294
2025,2025-07-31,visits,aug_jul_ratio,240290.0,288810.42932624195,48520.42932624195,48520.42932624195,0.20192446346598675
2025,2025-07-31,visits,trend_month_regression,240290.0,288746.37777777703,48456.37777777703,48456.37777777703,0.2016579041066088
2025,2025-07-31,visits,robust_ensemble,240290.0,271318.3705540377,31028.370554037683,31028.370554037683,0.12912884661882593
2025,2025-07-31,pounds,seasonal_naive,12821574.42,13235462.38,413887.9600000009,413887.9600000009,0.032280587893666876
2025,2025-07-31,pounds,ytd_growth,12821574.42,12744521.730263013,-77052.68973698653,77052.68973698653,0.006009612174991107
2025,2025-07-31,pounds,aug_jul_ratio,12821574.42,14397181.614160208,1575607.194160208,1575607.194160208,0.12288718550059378
2025,2025-07-31,pounds,trend_month_regression,12821574.42,14687485.667999953,1865911.247999953,1865911.247999953,0.14552902684785518
2025,2025-07-31,pounds,robust_ensemble,12821574.42,13816321.997080104,994747.5770801045,994747.5770801045,0.07758388669713033
2025,2025-07-31,individuals,seasonal_naive,727272.0,745923.0,18651.0,18651.0,0.025645150645150647
2025,2025-07-31,individuals,ytd_growth,727272.0,746752.290835425,19480.290835425025,19480.290835425025,0.026785426684136093
2025,2025-07-31,individuals,aug_jul_ratio,727272.0,857375.6473048175,130103.64730481745,130103.64730481745,0.17889269393681792
2025,2025-07-31,individuals,trend_month_regression,727272.0,894324.266666665,167052.26666666497,167052.26666666497,0.2296970963637607
2025,2025-07-31,individuals,robust_ensemble,727272.0,802063.9690701212,74791.96907012118,74791.96907012118,0.10283906031047693
