forecast_month,cutoff,metric,model,forecast,selected
2026-08,2026-07-31,visits,seasonal_naive,240290.0,True
2026-08,2026-07-31,visits,ytd_growth,242456.04653072573,False
2026-08,2026-07-31,visits,aug_jul_ratio,255518.5534064856,False
2026-08,2026-07-31,visits,trend_month_regression,290118.39473684196,False
2026-08,2026-07-31,visits,robust_ensemble,248987.29996860566,False
2026-08,2026-07-31,pounds,seasonal_naive,12821574.42,True
2026-08,2026-07-31,pounds,ytd_growth,13243325.625335682,False
2026-08,2026-07-31,pounds,aug_jul_ratio,13825112.814922199,False
2026-08,2026-07-31,pounds,trend_month_regression,14529852.73057894,False
2026-08,2026-07-31,pounds,robust_ensemble,13534219.22012894,False
2026-08,2026-07-31,individuals,seasonal_naive,727272.0,True
2026-08,2026-07-31,individuals,ytd_growth,751698.8227216232,False
2026-08,2026-07-31,individuals,aug_jul_ratio,785976.4224407772,False
2026-08,2026-07-31,individuals,trend_month_regression,891833.2894736838,False
2026-08,2026-07-31,individuals,robust_ensemble,768837.6225812002,False
