metric,model,aug_mape,aug_2023,aug_2024,aug_2025,aug_mape_2024_25,monthly_mape,monthly_median_ape,monthly_n,forecast_aug_2026
individuals,mlp_county,0.0678559536640498,0.1458754217412772,0.012695261441194372,0.044997177809677824,0.028846219625436098,0.0511443576006403,0.044997177809677824,31,758858.375
individuals,bolt_small_state,0.06509112397606205,0.13083023027759488,0.024995039702489397,0.03944810194810189,0.03222157082529564,0.051946584939947825,0.04049692312555653,31,738396.9375
individuals,nhits_county,0.05167810406757045,0.10819172427035328,0.004983507010777211,0.04185908092158086,0.023421293966179035,0.05245033501791935,0.04238591184983953,31,758783.3125
individuals,dl_ensemble,0.0631502388134354,0.1385940218321614,0.010506129424237676,0.04035056518390712,0.025428347304072396,0.05292728387907094,0.044164796451976684,31,754259.8409857379
individuals,bolt_base_county,0.054866489040027666,0.1308971248385622,0.004103293336234604,0.0295990489452862,0.0168511711407604,0.053563149822425674,0.040993717913202166,31,739415.6361999512
individuals,bolt_base_state_log,0.049785861248864416,0.12666488410927057,0.0024838978062939887,0.02020880183102869,0.011346349818661339,0.054420621433361155,0.0501249930168044,31,725664.1106905179
individuals,chronos2_county_xlearn,0.05641299061857663,0.12441644461395085,0.003535184169920491,0.04128734307185855,0.02241126362088952,0.05443433635286305,0.0453811146833305,31,753702.6271362305
individuals,bolt_tiny_state,0.0707645350852751,0.1456134621187185,0.014595005114468873,0.05208513802263792,0.0333400715685534,0.05445847648195015,0.04308825001826588,31,747759.75
individuals,chronos2_county,0.06125730580282115,0.12621402175431196,0.007895167908957501,0.04966272774519398,0.02877894782707574,0.05449677871091256,0.04573469746797132,31,750500.793296814
individuals,nbeats_county,0.08708625589680803,0.17980210733486945,0.04118287008176447,0.04027379027379019,0.04072833017777733,0.05464130779277543,0.05608301943513738,31,752751.875
individuals,zs_ensemble,0.05388305084265207,0.12050683398214568,0.006870106815231147,0.03427221173057937,0.02057115927290526,0.05543901074784648,0.04160510210647261,31,746645.8014429514
individuals,bolt_base_foodbank,0.05425939098352658,0.12817930074436035,0.003939977777793757,0.03065889442842562,0.01729943610310969,0.05573013016769389,0.04891597821985161,31,738037.8880615234
individuals,bolt_base_state,0.052190992749191444,0.12303273123765635,0.009714223183894255,0.023826023826023723,0.01677012350495899,0.055815986567268334,0.0459280686280803,31,740163.875
individuals,chronos2_multivar_log,0.05459806431985611,0.11285179394338385,0.01898126549255086,0.03196113352363361,0.025471199508092235,0.056505030273162664,0.04926490211240142,31,749090.5
individuals,chronos2_foodbank,0.058263614942555976,0.1149050784367387,0.01425416140263469,0.04563160498829455,0.02994288319546462,0.05707751897382888,0.05322993840623669,31,745937.5104370117
individuals,chronos2_state_log,0.05467700276520634,0.11227374895446895,0.022429375720630307,0.029327883620519746,0.025878629670575026,0.058103080153668864,0.05388169459154768,31,749272.7360320402
individuals,chronos2_state,0.052758099420898964,0.11108570948540708,0.020739406078107203,0.026449182699182616,0.02359429438864491,0.058124809587944866,0.050049183300601596,31,749749.0
pounds,mlp_county,0.040047054963163554,0.10203427277427424,0.004690098329605874,0.013416793785610559,0.009053446057608217,0.03959253948021162,0.029921864513048124,31,12742317.0
pounds,chronos2_county_xlearn,0.061701683315087484,0.14300651904785855,0.002863054415172206,0.03923547648223169,0.021049265448701948,0.0412000708355744,0.034888628620211914,31,12905120.885498047
pounds,bolt_small_state,0.05584706284491129,0.14949011766199938,0.01211596356787048,0.005935107304864018,0.009025535436367249,0.04153186069594562,0.04171164664481597,31,12796079.0
pounds,chronos2_county,0.060371036277620825,0.1482854960183988,0.002900267081535124,0.029927345732928545,0.016413806407231835,0.04178670319588635,0.036617798800986257,31,12830966.967041016
pounds,bolt_base_state_log,0.06048577211444558,0.14046513265470617,0.0011013726213240371,0.03989081106730652,0.02049609184431528,0.04265020887231605,0.03823083034379238,31,12619933.131564196
pounds,bolt_base_foodbank,0.06108852939425998,0.14733442993816537,0.003096819704996534,0.032834338539618035,0.017965579122307285,0.04275164008858576,0.03668726951246848,31,12804151.2109375
pounds,bolt_tiny_state,0.059583935442497404,0.1522860337768469,0.009081993250318221,0.017383779300327085,0.013232886275322653,0.04300769984526317,0.033053907029779284,31,12819121.0
pounds,zs_ensemble,0.05836554571222926,0.14035591478518983,0.006410823408314226,0.028329898943183718,0.017370361175748972,0.04317586446163777,0.04008951665661864,31,12816325.323565276
pounds,dl_ensemble,0.05178381408535756,0.12245798079351433,0.01530872229424829,0.01758473916831005,0.01644673073127917,0.04327321994416775,0.03944410794638453,31,12791144.830891319
pounds,bolt_base_state,0.05779713241238941,0.1376255292632791,0.0053669163917791085,0.030398951582110034,0.01788293398694457,0.043273256409738926,0.03331358612465185,31,12712250.0
pounds,bolt_base_county,0.06811661906927358,0.15606831601717874,0.006788861118541489,0.041492680072100496,0.024140770595320993,0.04346916663858509,0.041492680072100496,31,12760413.93725586
pounds,nhits_county,0.045029439791399804,0.11656926590860417,0.00035182903825381473,0.018167224427341422,0.009259526732797618,0.04434246289208518,0.04307388993714756,31,12876191.0
pounds,chronos2_foodbank,0.057433202931307416,0.1372710361756705,0.0008840105928593633,0.0341445620253924,0.01751428630912588,0.04468676492955769,0.039546326325919146,31,12841891.4296875
pounds,chronos2_multivar_log,0.051214958911262855,0.12732568993715399,3.3531129269848137e-06,0.0263158336837076,0.013159593398317293,0.04486032428212115,0.04076237768905,31,12909748.0
pounds,chronos2_state,0.06010152636649938,0.13350760049855392,0.021609945447179646,0.025187033153764582,0.023398489300472114,0.04631960734634928,0.04396433052118165,31,12878525.0
pounds,chronos2_state_log,0.058861979834367584,0.1351567190738916,0.016765820914698137,0.024663399514513018,0.020714610214605578,0.046823983102240355,0.04585883350345199,31,12905759.003654817
pounds,nbeats_county,0.06369321587463772,0.13087246970598887,0.049782138400819465,0.010425039517104828,0.030103588958962146,0.04782604018389743,0.04395561014081528,31,12729746.0
visits,mlp_county,0.0699804092274073,0.13719760698945804,0.01266393832978574,0.060079682362978115,0.03637181034638193,0.04600978269539231,0.043095275350774065,31,244926.8125
visits,bolt_small_state,0.06721451559844105,0.12060577129778327,0.031022559508526615,0.05001521598901326,0.04051888774876994,0.0461024231717385,0.03287063383914968,31,241226.6875
visits,dl_ensemble,0.06715224846121692,0.1323169357342332,0.009970574528555654,0.05916923512086192,0.034569904824708786,0.04774083126159717,0.04193433396621926,31,245007.9258530546
visits,nhits_county,0.06052172700026163,0.10162358583814912,0.019575735160138774,0.060365860002496996,0.039970797581317885,0.04809542594481849,0.04010651439918389,31,247793.171875
visits,bolt_base_state_log,0.06134855940859304,0.12383246261064051,0.009221702454242364,0.05099151316089623,0.030106607807569297,0.04816118608066401,0.04465332725967619,31,240271.8734409472
visits,chronos2_county_xlearn,0.06629649872663619,0.11702071321839025,0.02638277468306427,0.05548600827845407,0.04093439148075917,0.048364056576363,0.039552426318561595,31,242992.70026779175
visits,bolt_base_county,0.07105404936119412,0.1277025944521043,0.025680650535346294,0.059778903096131764,0.04272977681573903,0.04892574498191663,0.0463687548994669,31,241243.15608215332
visits,bolt_tiny_state,0.07727457255851351,0.1394763227998297,0.02659468460894987,0.065752710266761,0.04617369743785543,0.049005264232264124,0.03632051135625192,31,243112.796875
visits,chronos2_county,0.07425869057821018,0.12407360550519564,0.029295096288675104,0.0694073699407598,0.04935123311471745,0.04915073478861593,0.044033283406038404,31,243625.29043579102
visits,zs_ensemble,0.06666066292675428,0.11791129617138041,0.024004428287571877,0.05806626432131057,0.04103534630444122,0.049620650150852035,0.04298140846490561,31,243423.07841221834
visits,bolt_base_state,0.06107206917297977,0.1174798887638413,0.006827097085448819,0.05890922166964918,0.032868159377549,0.04962540461935583,0.04387701992403481,31,243013.203125
visits,nbeats_county,0.08235406379929389,0.17253525393794544,0.016361803663273777,0.05816513379666244,0.03726346872996811,0.05054205328115913,0.04783754427448228,31,243888.640625
visits,bolt_base_foodbank,0.0665075123647871,0.12746313237981322,0.018032419966788837,0.054026984747759244,0.03602970235727404,0.05064153073738931,0.044540694899606104,31,240441.87297058105
visits,chronos2_multivar_log,0.06287424082625759,0.1078629032258065,0.031069471131945803,0.04969034812102047,0.040379909626483135,0.050966137610283936,0.04631867907522558,31,243729.515625
visits,chronos2_state,0.0649292071615235,0.113375710769127,0.035459363792974874,0.04595254692246864,0.04070595535772176,0.05108177812276764,0.04288243050026108,31,242960.015625
visits,chronos2_state_log,0.06465122902907305,0.11218039424510418,0.03589109148859204,0.045882201353522944,0.04088664642105749,0.05150263129631298,0.045882201353522944,31,243630.74167586392
visits,chronos2_foodbank,0.07239639592524764,0.11901680725939312,0.027072375105001156,0.07110000541134864,0.0490861902581749,0.05252264729621289,0.04931104306811962,31,242452.0686340332
