year,metric,total,pct_outlier,pct_dup_summed,pct_typo_fixed,pct_hh_gt_indiv,pct_repeat,n_outlier,n_repeat,yoy_all,yoy_drop_outlier_repeat
2022,visits,191311.0,0.008535839549215675,0.0,0.0,0.007145433351976625,6.795218257183329e-05,1,26,,
2022,pounds,10885355.6,0.003656380320731093,0.0,0.0,0.002328081959949935,2.985662682439148e-05,1,26,,
2022,individuals,538474.0,0.012362713891478512,0.0,0.0,0.0022898041502468084,2.4142298421093684e-05,1,26,,
2023,visits,237243.0,0.0,0.0,0.0,0.00013066771200836272,0.0,0,41,0.24009074229918825,0.2508528194448105
2023,pounds,13154185.78,0.0,0.0,0.0,9.274614334966463e-05,0.0,0,41,0.20842958772977527,0.21290062683412425
2023,individuals,729120.0,0.0,0.0,0.0,3.840245775729647e-05,0.0,0,41,0.35404866344521735,0.37103143263307525
2024,visits,241478.0,0.0,0.003611095006584451,0.0,0.0012092198875259857,0.0006957155517272795,0,32,0.017850895495336028,0.017142760798000367
2024,pounds,13235462.38,0.0,0.0030454546159950626,0.0,0.0005066691141922916,0.0003059961098238564,0,32,0.006178763274240495,0.005870876486891108
2024,individuals,745923.0,0.0,0.0021999589769989662,0.0,0.00033247399530514544,0.0002265649403490709,0,32,0.023045589203423367,0.022813802940531147
2025,visits,240290.0,0.0,0.0,0.0,0.004748428981647177,0.0006367306171709185,1,26,-0.004919702830071482,-0.0048609672205875976
2025,pounds,12821574.42,0.0,0.0,0.0,0.0012354956950754884,0.0002983252972453597,1,26,-0.03127113720072394,-0.031263703988643976
2025,individuals,727272.0,0.0037991287991287993,0.0,0.0,0.0015565015565015565,0.00021037521037521037,1,26,-0.025003921316275268,-0.028693107914942506
