month,n_report,n_vs_prev3,visits_yoy,pounds_yoy,indiv_yoy,visits_per_site_yoy
2022-01-01,423,,,,,
2022-02-01,408,,,,,
2022-03-01,425,,,,,
2022-04-01,416,0.9936305732484076,,,,
2022-05-01,428,1.0280224179343476,,,,
2022-06-01,435,1.0283687943262412,,,,
2022-07-01,455,1.0672400312744332,,,,
2022-08-01,459,1.0447647951441579,,,,
2022-09-01,482,1.071905114899926,,,,
2022-10-01,488,1.0487106017191978,,,,
2022-11-01,487,1.0223932820153954,,,,
2022-12-01,490,1.0089224433768016,,,,
2023-01-01,495,1.0136518771331058,0.3387304241566711,0.17024272783929262,0.42412668054227365,0.1440059988247917
2023-02-01,496,1.0108695652173914,-0.025517789631463672,0.22931164501308765,0.42330285868234707,-0.19840979469684916
2023-03-01,497,1.0067521944632005,0.31449072574252646,0.21273500775388965,0.3569931428888704,0.12406148579592302
2023-04-01,504,1.0161290322580645,0.2845708995276943,0.10736889111352421,0.2544875629489154,0.06028074246730308
2023-05-01,500,1.002004008016032,0.3569287864528057,0.17384852117489635,0.27689984964657577,0.16153104120360173
2023-06-01,496,0.9913391072618255,0.23099671474857364,0.1655509435335305,0.30410773585017603,0.07960397362022098
2023-07-01,499,0.998,0.22415054462688988,0.17911840343766827,0.3199265870189498,0.11620941443934862
2023-08-01,497,0.9973244147157191,0.24009074229918825,0.20827666668050782,0.3536837358882199,0.14527495113747957
2023-09-01,501,1.007372654155496,0.17856354810238306,0.16523166730087557,0.285427899768808,0.13386752532005697
2023-10-01,497,0.9959919839679359,0.3344507779283279,0.17580451726366353,0.3902392603609508,0.31028567329783474
2023-11-01,503,1.0093645484949834,0.3519750321360209,0.16435550138020627,0.43652776459420983,0.30896986212771793
2023-12-01,486,0.9713524317121919,0.38881834525590575,0.21191161182614593,0.4559053408130662,0.4002489489205634
2024-01-01,471,0.9508748317631225,0.45871416389426023,0.2827196656018125,0.519439737406534,0.5330435480417386
2024-02-01,473,0.9719178082191781,0.49348619396943616,0.3445408333715043,0.5532941868742773,0.5661081442047364
2024-03-01,485,1.0174825174825175,0.22491806717180984,0.08249436127427479,0.2600215151654639,0.25522531831832906
2024-04-01,478,1.0034989503149057,0.2453661873997901,0.21590992641538187,0.2857150104078068,0.3131057708148415
2024-05-01,486,1.0153203342618384,0.16440472032701892,0.14068453198302167,0.24219283116646229,0.19794724313479306
2024-06-01,486,1.0062111801242235,0.05367404215835325,0.044344126681151064,0.09954865734660268,0.07535457800523293
2024-07-01,473,0.9786206896551725,0.11616302950676594,0.16483444604192066,0.14518651755689382,0.17751659983906176
2024-08-01,473,0.9820069204152249,0.017850895495336028,0.005393171318960777,0.025598815170443157,0.06949660689467652
2024-09-01,473,0.9909217877094972,0.10849052188158193,0.012443812128454246,0.09969534885128062,0.17410941112615785
2024-10-01,472,0.9978858350951374,0.12442557661166798,0.07450595851002761,0.13838154743338782,0.1839820160508454
2024-11-01,470,0.9943582510578279,0.01887458325202518,-0.026358677264252228,0.009315559455576938,0.09041258590589063
2024-12-01,474,1.004946996466431,0.02163069848281851,0.10954805735029427,0.04557155326083917,0.04749476679883924
2025-01-01,463,0.9809322033898306,0.02085563258517631,-0.01755061085258247,0.00790803593710998,0.03849460679831118
2025-02-01,452,0.9637526652452025,0.006292035508929317,-0.05677521546495767,-0.047741602204090294,0.05304454158345928
2025-03-01,463,1.0,0.046494404917850396,0.012168094479481084,0.005437826925835054,0.09621984100465975
2025-04-01,461,1.0036284470246735,0.1039068331837587,-0.015838012210805275,0.032278555928191066,0.1446148942773029
2025-05-01,465,1.0138081395348837,0.04379987579896327,-0.08294907349160852,-0.04709136916077772,0.09093922502859386
2025-06-01,462,0.9978401727861771,0.034321760510575894,-0.06548926299707625,-0.042620395721408855,0.08805276105658
2025-07-01,457,0.9877521613832853,0.10486818174091894,-0.038344794298715845,0.050270768600402915,0.14355065637517428
2025-08-01,461,0.9992774566473989,-0.004919702830071482,-0.030391494553263954,-0.02777822513541517,0.02098260425461218
2025-09-01,468,1.017391304347826,0.07213643599390274,0.014218893903544139,0.0376689670160979,0.08359088509640156
2025-10-01,461,0.9978354978354979,0.09219212206134197,-0.034692643847556215,0.03352012794604442,0.11825310545109202
2025-11-01,468,1.0100719424460431,0.0930158639603258,0.005658616270790562,0.06404142771100108,0.09768687192596825
2025-12-01,453,0.9727988546886184,0.03661254236537226,-0.024007582917328518,-0.004278441963478596,0.08466742843529018
2026-01-01,461,1.0007235890014472,-0.04020582803035799,-0.029550405507208555,-0.07591936324197734,-0.03604186199144421
2026-02-01,469,1.0180897250361793,0.11165760599330388,0.13037693466437061,0.18657091152386163,0.07136298061614799
2026-03-01,478,1.0368763557483731,0.14183155457561392,0.10354325025116196,0.16474476551639672,0.1060000204362117
2026-04-01,475,1.0120738636363638,-0.00022033878988414468,0.02386707445549363,0.02117103860016578,-0.029687528804497987
2026-05-01,463,0.9767932489451476,-0.071680946734067,-0.051888395279605204,-0.022876617337083016,-0.06767092922535878
2026-06-01,464,0.9830508474576272,0.011278718373436858,0.050001606840496704,0.0671771561939476,0.0069197583804476714
2026-07-01,462,0.9885877318116976,-0.08022630595149272,0.017237796296620145,-0.03857957663508382,-0.09018056670959351
