metric,group,year,aug_jul,aug_mayjul
visits,STATEWIDE,2022,1.1108007989409387,1.1504060966614285
visits,STATEWIDE,2023,1.1252650201818502,1.1264618321154367
visits,STATEWIDE,2024,1.0261511788002924,1.032803222012332
visits,STATEWIDE,2025,0.9241851985753956,0.9684635061208259
visits,Channel One Regional Food Bank,2022,1.057603413535617,1.072196743636473
visits,Channel One Regional Food Bank,2023,1.0826286966046001,1.0888781175641138
visits,Channel One Regional Food Bank,2024,0.9731352819038492,1.0208431070303599
visits,Channel One Regional Food Bank,2025,0.9259901614530777,0.974275887238584
visits,North Country Food Bank,2022,0.9418416801292407,0.9556427577985297
visits,North Country Food Bank,2023,1.1666442862897812,1.12694569353165
visits,North Country Food Bank,2024,0.9740133707138235,1.0532473084845893
visits,North Country Food Bank,2025,0.9557029954141868,0.994853912042523
visits,Second Harvest Heartland,2022,1.1161374788449052,1.17954967284726
visits,Second Harvest Heartland,2023,1.1317009888044456,1.1553076781363079
visits,Second Harvest Heartland,2024,1.0504881373921477,1.0466129635087953
visits,Second Harvest Heartland,2025,0.9093302861685215,0.9789387357298642
visits,Second Harvest Northland,2022,1.1606329005073523,1.134296999747878
visits,Second Harvest Northland,2023,1.100702576112412,1.0210837764581737
visits,Second Harvest Northland,2024,0.9255875584071414,0.9481806058296818
visits,Second Harvest Northland,2025,0.874772773177136,0.8590602547714551
visits,The Food Group,2022,1.1352776481567894,1.1554792135009342
visits,The Food Group,2023,1.1272047744260938,1.1192300358384386
visits,The Food Group,2024,1.0414028939633733,1.0328551207366123
visits,The Food Group,2025,0.952268558150911,0.9691017179079772
visits,MATCHED_PANEL,2022,1.1062295081967213,1.1376327188557471
visits,MATCHED_PANEL,2023,1.121787212221776,1.1126867569508534
visits,MATCHED_PANEL,2024,1.046118790824852,1.0575555035539825
visits,MATCHED_PANEL,2025,0.9293853038337485,0.9751723893041468
pounds,STATEWIDE,2022,1.1250824572713896,1.0947858757588773
pounds,STATEWIDE,2023,1.1529044727393671,1.1279932379073354
pounds,STATEWIDE,2024,0.9950961598138829,1.0165178195691027
pounds,STATEWIDE,2025,1.003326030548869,1.050971060680268
pounds,Channel One Regional Food Bank,2022,1.1312537310855193,1.0744472274185446
pounds,Channel One Regional Food Bank,2023,1.1025083732905852,1.0873968533812643
pounds,Channel One Regional Food Bank,2024,1.1113219217694206,1.119648458449558
pounds,Channel One Regional Food Bank,2025,0.945074581891012,0.9617114067087414
pounds,North Country Food Bank,2022,1.1856254288272894,1.2422432193667645
pounds,North Country Food Bank,2023,1.161717432406269,1.2162947040941179
pounds,North Country Food Bank,2024,0.9496060350196712,0.9937752593231477
pounds,North Country Food Bank,2025,1.070959678012756,1.0671634297541093
pounds,Second Harvest Heartland,2022,1.1457113407233928,1.117533679117594
pounds,Second Harvest Heartland,2023,1.1507424102777861,1.1200510450139332
pounds,Second Harvest Heartland,2024,0.9998094494949038,1.0173258395849758
pounds,Second Harvest Heartland,2025,1.0654087148353042,1.1288988373820399
pounds,Second Harvest Northland,2022,0.9329348970848372,0.9825082001224724
pounds,Second Harvest Northland,2023,1.1657541761960775,1.0808450512588375
pounds,Second Harvest Northland,2024,1.0062933707386228,0.9512395464039858
pounds,Second Harvest Northland,2025,0.8446944887839557,0.811457786507456
pounds,The Food Group,2022,1.1473006547989029,1.0775196689959703
pounds,The Food Group,2023,1.1621223539450567,1.147071046125432
pounds,The Food Group,2024,0.9497666090368511,0.9955126787604404
pounds,The Food Group,2025,0.949153896041203,1.0103637244623016
pounds,MATCHED_PANEL,2022,1.1219565539517444,1.0855808351792406
pounds,MATCHED_PANEL,2023,1.1518346059813962,1.1157658845383815
pounds,MATCHED_PANEL,2024,1.0139178086190908,1.040341507202831
pounds,MATCHED_PANEL,2025,1.0064429403861337,1.0555776871853542
individuals,STATEWIDE,2022,1.1080013130105721,1.0946618196058489
individuals,STATEWIDE,2023,1.1363384687573317,1.139496061921803
individuals,STATEWIDE,2024,1.0176747362310923,1.006954335986594
individuals,STATEWIDE,2025,0.9420480583420678,0.9923991928394871
individuals,Channel One Regional Food Bank,2022,1.0333817126269957,1.0148370369364843
individuals,Channel One Regional Food Bank,2023,1.0722619437045344,1.0687934746604835
individuals,Channel One Regional Food Bank,2024,0.9400718958626387,0.9777184325108853
individuals,Channel One Regional Food Bank,2025,0.9279542706386721,0.9790502847290146
individuals,North Country Food Bank,2022,0.9080453678185287,0.9221867374766757
individuals,North Country Food Bank,2023,1.1043128403905598,1.1258003201280513
individuals,North Country Food Bank,2024,0.9232802013422818,0.9529258965293311
individuals,North Country Food Bank,2025,0.9656106940120857,1.061105670552567
individuals,Second Harvest Heartland,2022,1.1190082968832749,1.1210547207109725
individuals,Second Harvest Heartland,2023,1.132578218712515,1.1460762238521167
individuals,Second Harvest Heartland,2024,1.0496900932069204,1.0175236993166774
individuals,Second Harvest Heartland,2025,0.9528879046873492,0.999270901373948
individuals,Second Harvest Northland,2022,1.1066119006942678,0.8935370888527989
individuals,Second Harvest Northland,2023,1.1148017621145374,1.0175766240729156
individuals,Second Harvest Northland,2024,0.9182306372141947,0.9806271062848583
individuals,Second Harvest Northland,2025,0.856794701986755,0.8734539562516879
individuals,The Food Group,2022,1.1434473738965014,1.1485083483232448
individuals,The Food Group,2023,1.1636569467925413,1.1699056386189746
individuals,The Food Group,2024,1.0257484320303385,1.0127082986450182
individuals,The Food Group,2025,0.9430837827937703,0.9989073913857844
individuals,MATCHED_PANEL,2022,1.0997872889950928,1.0783204919770977
individuals,MATCHED_PANEL,2023,1.1340858753850405,1.1251140636221537
individuals,MATCHED_PANEL,2024,1.0368011017609498,1.0321463048424602
individuals,MATCHED_PANEL,2025,0.9445207739770783,0.9955897481855696
