period,metric,prev_total,cur_total,yoy,same_site_contrib,entry_contrib,exit_contrib,same_site_growth,share_prev_mass_continuing
Aug2023,visits,191311.0,237243.0,0.24009074229918825,0.294624982358568,0.07737662758544987,-0.13191086764482962,0.33939485172361894,0.8680891323551704
Aug2023,pounds,10885355.6,13152521.18,0.20827666668050782,0.21234928788178495,0.03660373483802403,-0.040676356039301094,0.22135312646425742,0.9593236439606989
Aug2023,individuals,536697.0,726518.0,0.3536837358882199,0.36807360577756165,0.06835141616219208,-0.08274128605153373,0.40127567084442095,0.9172587139484663
Aug2024,visits,237243.0,241478.0,0.017850895495336028,0.05213641709133673,0.019743469775715197,-0.05402899137171592,0.055114180683970115,0.9459710086282841
Aug2024,pounds,13152521.18,13223454.979999999,0.005393171318960777,0.040504158306171906,0.02477486981701253,-0.05988585680422375,0.04308429843261807,0.9401141431957762
Aug2024,individuals,726518.0,745116.0,0.025598815170443157,0.052503860881629914,0.020240379453778157,-0.04714542516496494,0.055101651677245345,0.9528545748350351
Aug2025,visits,241478.0,240290.0,-0.004919702830071482,0.01154556522747414,0.013500194634707923,-0.029965462692253537,0.011902220780218853,0.9700345373077465
Aug2025,pounds,13223454.98,12821574.42,-0.030391494553263954,-0.016880933185587157,0.006872712172231406,-0.020383273539908098,-0.017232181453850304,0.9796167264600918
Aug2025,individuals,745116.0,724418.0,-0.02777822513541517,-0.018319295250672378,0.010069573059765191,-0.019528502944507968,-0.01868416910199644,0.9804714970554921
CY2023,visits,1963252.0,2482281.0,0.26437207245936833,0.23000256716916626,0.08230527716258534,-0.04793577187238317,0.2415830364948195,0.9520642281276168
CY2023,pounds,118642135.37,139919373.95000002,0.17933964618593845,0.16285567315307856,0.043532053295341835,-0.027048080262481875,0.16738306369446665,0.9729519197375182
CY2023,individuals,5624020.0,7612998.0,0.35365770391997176,0.3183038111528764,0.07248498405055459,-0.037131091283459164,0.33057855360306565,0.9628689087165409
CY2024,visits,2482281.0,2862553.0,0.15319458191880764,0.1614515036774644,0.0363456030965068,-0.04460252485516346,0.16898883226898698,0.9553974751448365
CY2024,pounds,139919373.95000002,155406706.76999998,0.11068755085721249,0.12238794376052153,0.03896931529974159,-0.05066970820305046,0.12892029762250434,0.9493302917969495
CY2024,individuals,7612998.0,8994051.0,0.18140724587081203,0.1856078249330947,0.03606686879465882,-0.04026744785694151,0.19339536261288326,0.9597325521430585
CY2025,visits,2862553.0,3018357.0,0.05442833722205309,0.07302956486744525,0.016493319075664276,-0.035094546721056344,0.075685720936985,0.9649054532789436
CY2025,pounds,155406706.77,151030238.21,-0.0281613879539776,-0.006869492650532596,0.008255984871353568,-0.02954788017479845,-0.007078651805892178,0.9704521198252015
CY2025,individuals,8994051.0,9042249.0,0.005358875550071973,0.021909370983108724,0.012924209569191903,-0.029474705002228697,0.022574755234132216,0.9705252949977713
Jan-Jul2026,visits,1741344.0,1757041.0,0.00901430159692751,0.0006339930536413253,0.042261609423525734,-0.033881300880239634,0.0006562268737981825,0.9661186991197603
Jan-Jul2026,pounds,86247211.64,89161135.29099998,0.03378571429257149,0.030028805937638233,0.023917824713109763,-0.020160916358176652,0.030646670906439466,0.9798390836418235
Jan-Jul2026,individuals,5212238.0,5426870.0,0.04117847266375785,0.02589060591630697,0.038033758243579824,-0.022745891496128916,0.026493217773158495,0.9772541085038711
May-Jul2026,visits,744344.0,708450.0,-0.04822232731102827,-0.04382785378803349,0.04350004836473458,-0.04789452188772933,-0.046032561302903674,0.9521054781122706
May-Jul2026,pounds,36599222.09,36771821.958,0.004715943622396024,0.012313849919862986,0.024329349345468557,-0.031927255642935436,0.012719963444525195,0.9680727443570646
May-Jul2026,individuals,2189899.0,2190233.0,0.00015251844948105386,-0.006744603289923417,0.040222402951003676,-0.03332528121159926,-0.006977117699298985,0.9666747187884007
Jul2026,visits,260002.0,239143.0,-0.08022630595149272,-0.07638402781517065,0.042980438612010674,-0.0468227167483327,-0.08013622350985361,0.9531772832516673
Jul2026,pounds,12779070.84,12999353.86,0.017237796296620145,0.016300105274320496,0.028555504900855528,-0.027617813878555823,0.01676306446885567,0.9723821861214442
Jul2026,individuals,768982.0,739315.0,-0.03857957663508382,-0.04319606960891152,0.03920898018419157,-0.03459248721036383,-0.0447438714083469,0.9654075127896362
