,,aug_jul,aug_jul,aug_jul,aug_jul,aug_mayjul,aug_mayjul,aug_mayjul,aug_mayjul
,,mean,std,min,max,mean,std,min,max
metric,group,,,,,,,,
individuals,Channel One Regional Food Bank,0.993,0.071,0.928,1.072,1.01,0.043,0.978,1.069
individuals,MATCHED_PANEL,1.054,0.083,0.945,1.134,1.058,0.056,0.996,1.125
individuals,North Country Food Bank,0.975,0.089,0.908,1.104,1.016,0.095,0.922,1.126
individuals,STATEWIDE,1.051,0.089,0.942,1.136,1.058,0.07,0.992,1.139
individuals,Second Harvest Heartland,1.064,0.082,0.953,1.133,1.071,0.073,0.999,1.146
individuals,Second Harvest Northland,0.999,0.131,0.857,1.115,0.941,0.069,0.873,1.018
individuals,The Food Group,1.069,0.104,0.943,1.164,1.083,0.089,0.999,1.17
pounds,Channel One Regional Food Bank,1.073,0.086,0.945,1.131,1.061,0.069,0.962,1.12
pounds,MATCHED_PANEL,1.074,0.074,1.006,1.152,1.074,0.033,1.04,1.116
pounds,North Country Food Bank,1.092,0.107,0.95,1.186,1.13,0.119,0.994,1.242
pounds,STATEWIDE,1.069,0.082,0.995,1.153,1.073,0.049,1.017,1.128
pounds,Second Harvest Heartland,1.09,0.072,1.0,1.151,1.096,0.053,1.017,1.129
pounds,Second Harvest Northland,0.987,0.136,0.845,1.166,0.957,0.111,0.811,1.081
pounds,The Food Group,1.052,0.119,0.949,1.162,1.058,0.069,0.996,1.147
visits,Channel One Regional Food Bank,1.01,0.073,0.926,1.083,1.039,0.052,0.974,1.089
visits,MATCHED_PANEL,1.051,0.087,0.929,1.122,1.071,0.072,0.975,1.138
visits,North Country Food Bank,1.01,0.106,0.942,1.167,1.033,0.075,0.956,1.127
visits,STATEWIDE,1.047,0.093,0.924,1.125,1.07,0.084,0.968,1.15
visits,Second Harvest Heartland,1.052,0.101,0.909,1.132,1.09,0.094,0.979,1.18
visits,Second Harvest Northland,1.015,0.137,0.875,1.161,0.991,0.116,0.859,1.134
visits,The Food Group,1.064,0.086,0.952,1.135,1.069,0.084,0.969,1.155
