,,aug_mape,aug_mape,aug_mape,monthly_mape,monthly_mape,monthly_mape
n_inner,,3,6,12,3,6,12
metric,level,,,,,,
individuals,county,0.05540073210189678,0.05652266755139401,0.05652266755139401,0.04705175283221136,0.04657588896371422,0.052355262947534856
individuals,food_bank,0.02886991462097155,0.02886991462097155,0.02886991462097155,0.05327516967401759,0.047975706766463594,0.05359556013510128
individuals,site,0.10447766014311222,0.10852197726547663,0.10852197726547663,0.05084099386117861,0.04691540649562253,0.051007509210287405
pounds,county,0.052830435966262135,0.04688049641224801,0.04688049641224801,0.0382781656495547,0.0373763727867329,0.03517952579850266
pounds,food_bank,0.026926649462964303,0.03320571245056958,0.03320571245056958,0.04423355395881114,0.0375817115272562,0.04135014287550739
pounds,site,0.09057763970869237,0.09258971667604643,0.09258971667604643,0.03896438192255666,0.037574854274922104,0.03562635265532353
visits,county,0.03971434371387883,0.039384986200018623,0.039384986200018623,0.04957577965119599,0.04865661931493543,0.052309846894363625
visits,food_bank,0.017195623171737173,0.054981072408735954,0.054981072408735954,0.046992045153186605,0.04856866383954002,0.05379005336502547
visits,site,0.08272875797357482,0.08499743920614089,0.08499743920614089,0.045510333234882176,0.046858761810611084,0.04847850505200414
