file,rows,columns,date_column,date_min,date_max,description
food_site_month_clean.csv,25399,57,date,2022-01-01,2026-07-01,Site-month food-shelf data with imputations and outlier flags; meal rows excluded.
food_county_month_clean.csv,4785,52,date,2022-01-01,2026-07-01,"County-month food-shelf totals with reported, adjusted, coverage, and outlier fields."
food_statewide_month_clean.csv,55,13,date,2022-01-01,2026-07-01,Statewide monthly reported and adjusted outcomes with county/site coverage.
mmg_county_year_clean.csv,261,51,,,,MMG county-year data with robust outlier diagnostics; sparse fields retained for audit.
poverty_county_year_clean.csv,261,43,,,,ACS poverty county-year data with standardized FIPS and outlier diagnostics.
snap_agency_month_clean.csv,4437,14,date,2022-01-01,2026-03-01,SNAP agency-month data with outlier diagnostics; agency codes are not county FIPS.
snap_state_month_clean.csv,51,7,date,2022-01-01,2026-03-01,Statewide SNAP totals with conservative availability dates.
forecast_ready_monthly.csv,55,34,date,2022-01-01,2026-07-01,Past-only statewide food-shelf lags and point-in-time SNAP features.
cutoff_audit.csv,4,6,cutoff,2023-07-31,2026-07-31,Available source periods at each July forecast cutoff.
imputation_validation.csv,3,6,,,,Overall masked-value imputation validation by target.
imputation_validation_by_method.csv,11,7,,,,Masked-value imputation validation by selected fallback method.
food_county_outlier_review.csv,180,53,date,2022-05-01,2026-06-01,County-month outlier candidates ranked by statewide impact.
