date,visits_reported,pounds_reported,individuals_reported,visits_imputed,pounds_imputed,individuals_imputed,counties_in_grid,counties_with_sites,reporting_sites,missing_sites,wilkin_structural_missing,availability_date
2022-01-01,124388.0,8650033.33,355540.0,126086.0,8759302.83,360007.0,87,86,412,15,True,2022-01-31
2022-02-01,164787.0,7544639.61,341486.0,165545.0,7610344.109999999,343462.0,87,86,406,6,True,2022-02-28
2022-03-01,145079.0,9309911.1,432977.0,146842.0,9390990.6,436926.0,87,86,420,12,True,2022-03-31
2022-04-01,149040.0,9640138.15,472123.0,150170.0,9654788.65,473071.0,87,86,412,4,True,2022-04-30
2022-05-01,149817.0,9919653.03,481543.0,150356.0,9934072.03,482481.0,87,86,425,2,True,2022-05-31
2022-06-01,176851.0,10252685.45,505607.0,177143.5,10321708.45,506305.5,87,86,430,3,True,2022-06-30
2022-07-01,172228.0,9675162.5,484383.0,172959.0,9722580.0,486471.0,87,86,441,9,True,2022-07-31
2022-08-01,191311.0,10885355.6,536697.0,191513.0,10901402.6,537168.0,87,86,443,2,True,2022-08-31
2022-09-01,181280.0,10320729.3,514291.0,181359.5,10328194.3,514446.5,87,86,467,3,True,2022-09-30
2022-10-01,171224.0,10970681.299999999,509654.0,172476.0,11053659.299999999,513469.0,87,86,471,5,True,2022-10-31
2022-11-01,178149.0,11540304.0,526750.0,179708.0,11656172.5,531204.0,87,86,467,7,True,2022-11-30
2022-12-01,159082.0,9963618.0,465079.0,159561.0,10011068.0,466238.0,87,86,474,3,True,2022-12-31
2023-01-01,166387.0,10122638.6,506157.0,166883.5,10152076.1,507517.5,87,86,476,1,True,2023-01-31
2023-02-01,160582.0,9274713.33,485729.0,160622.0,9279671.33,486081.0,87,86,477,2,True,2023-02-28
2023-03-01,190705.0,11291031.7,593228.0,195067.0,11291381.7,593250.0,87,86,479,1,True,2023-03-31
2023-04-01,191473.0,10668544.879999999,591137.0,191479.0,10668894.879999999,591159.0,87,86,485,1,True,2023-04-30
2023-05-01,203291.0,11622129.86,614019.0,203717.0,11672926.86,615298.0,87,86,480,6,True,2023-05-31
2023-06-01,217703.0,11988427.2,661294.0,218702.5,12068013.2,662588.5,87,86,480,5,True,2023-06-30
2023-07-01,210833.0,11420959.16,639938.0,211878.5,11469981.16,642110.5,87,86,481,8,True,2023-07-31
2023-08-01,237243.0,13154185.780000001,726435.0,237629.0,13181092.780000001,727580.5,87,86,480,3,True,2023-08-31
2023-09-01,213650.0,12027436.51,661051.0,214258.0,12065370.51,662627.0,87,86,482,4,True,2023-09-30
2023-10-01,228490.0,12900779.33,708470.0,228855.0,12920888.33,709519.0,87,86,480,4,True,2023-10-31
2023-11-01,240853.0,13438380.85,760861.0,242578.5,13543995.85,762074.5,87,86,486,3,True,2023-11-30
2023-12-01,220936.0,12075919.25,677111.0,221932.5,12249929.75,679212.5,87,86,469,17,True,2023-12-31
2024-01-01,242901.0,12985517.3,769042.0,243477.5,13020801.3,770466.0,87,86,452,4,True,2024-01-31
2024-02-01,239802.0,12473076.99,754702.0,240893.5,12489761.99,756367.5,87,86,455,2,True,2024-02-29
2024-03-01,233573.0,12216751.57,738384.0,234837.0,12257846.57,740628.0,87,86,468,4,True,2024-03-31
2024-04-01,238429.0,12977568.52,760092.0,241794.0,13135386.52,765329.0,87,86,462,5,True,2024-04-30
2024-05-01,236703.0,13259250.76,762610.0,237827.0,13280379.76,764214.0,87,86,469,1,True,2024-05-31
2024-06-01,229378.0,12496200.719999999,724994.0,233143.5,12697386.32,730749.0,87,86,469,4,True,2024-06-30
2024-07-01,235314.0,13293511.25,732164.0,239617.5,13521415.05,738856.5,87,86,462,9,True,2024-07-31
2024-08-01,241468.0,13235362.38,745105.0,242923.5,13304599.88,747549.0,87,86,462,6,True,2024-08-31
2024-09-01,236819.0,12209602.0,726980.0,237596.5,12239512.0,728746.5,87,86,462,4,True,2024-09-30
2024-10-01,256910.0,13871443.45,806074.0,258324.0,13980204.45,810452.0,87,86,461,6,True,2024-10-31
2024-11-01,245389.0,13130856.42,766246.0,247173.0,13195332.02,767800.0,87,86,459,4,True,2024-11-30
2024-12-01,225705.0,13409352.06,707957.0,226252.0,13430481.06,708980.0,87,86,464,1,True,2024-12-31
2025-01-01,247964.0,12757664.66,775617.0,249133.0,12815168.66,778328.0,87,86,452,5,True,2025-01-31
2025-02-01,241326.0,11762180.75,718906.0,242068.0,11794033.75,720253.0,87,86,451,5,True,2025-02-28
2025-03-01,244449.0,12447143.8,756825.0,247876.0,12486442.8,758203.0,87,86,452,4,True,2025-03-31
2025-04-01,262112.0,12772897.24,782426.0,262865.0,12815397.24,783868.0,87,86,449,2,True,2025-04-30
2025-05-01,247071.0,12164835.65,727412.0,247563.0,12196353.65,728337.0,87,86,453,2,True,2025-05-31
2025-06-01,236464.0,11628838.6,694524.0,237519.0,11682007.6,695358.0,87,86,450,1,True,2025-06-30
2025-07-01,260002.0,12787467.84,769031.0,260612.0,12853814.84,770551.0,87,86,448,3,True,2025-07-31
2025-08-01,240280.0,12821474.42,724407.0,241674.0,12951368.92,728183.5,87,86,448,5,True,2025-08-31
2025-09-01,253903.0,12348715.25,754875.0,254273.0,12525395.25,755784.0,87,86,456,2,True,2025-09-30
2025-10-01,280596.0,13379501.15,833616.0,281333.0,13419671.95,835294.0,87,86,449,7,True,2025-10-31
2025-11-01,268181.0,13156865.21,812727.0,269328.0,13197338.21,816617.0,87,86,456,4,True,2025-11-30
2025-12-01,233979.0,13078182.34,705038.0,234294.0,13091900.09,705875.0,87,86,454,5,True,2025-12-31
2026-01-01,238004.0,12403368.22,716558.0,238447.0,12412679.82,717527.0,87,86,457,0,True,2026-01-31
2026-02-01,268139.0,13304129.34,852754.0,269236.0,13357254.24,855372.0,87,86,450,7,True,2026-02-28
2026-03-01,277840.0,13591602.743999999,862114.0,278311.5,13614367.243999999,863360.5,87,86,456,4,True,2026-03-31
2026-04-01,263173.0,13074244.029,801510.0,263446.0,13080781.029,802138.0,87,86,455,2,True,2026-04-30
2026-05-01,229370.0,11536291.828,710185.0,232864.0,11704312.867999999,718355.5,87,86,445,16,True,2026-05-31
2026-06-01,239937.0,12253807.27,740478.0,240371.0,12333897.49,742056.0,87,86,447,2,True,2026-06-30
2026-07-01,239143.0,12999406.86,739103.0,239475.0,13014581.86,739786.0,87,86,449,2,True,2026-07-31
