date,snap_cases,snap_people,snap_expenditure,snap_agency_to_county_join_allowed,availability_date,availability_date_verified
2022-01-01,217618,425042,96306389.0,False,2022-04-30,False
2022-02-01,218905,429062,100243903.39,False,2022-05-31,False
2022-03-01,222600,435272,100659469.22999999,False,2022-06-30,False
2022-04-01,222598,434344,99911779.99,False,2022-07-31,False
2022-05-01,223091,434186,100475401.44,False,2022-08-31,False
2022-06-01,224272,436080,99847727.0,False,2022-09-30,False
2022-07-01,224644,436676,100292674.55,False,2022-10-31,False
2022-08-01,226406,439057,101264027.0,False,2022-11-30,False
2022-09-01,227189,439485,96858596.62,False,2022-12-31,False
2022-10-01,230144,448676,114852158.8,False,2023-01-31,False
2022-11-01,231230,451942,116106694.33,False,2023-02-28,False
2022-12-01,232840,455240,103763937.4,False,2023-03-31,False
2023-01-01,235076,460319,117352221.16,False,2023-04-30,False
2023-02-01,235579,461514,119360604.97,False,2023-05-31,False
2023-03-01,238071,466994,121377753.56,False,2023-06-30,False
2023-04-01,225626,440333,70592625.62,False,2023-07-31,False
2023-05-01,228411,444678,69805063.14,False,2023-08-31,False
2023-06-01,229139,445520,69394513.69,False,2023-09-30,False
2023-07-01,228949,444417,69141626.45,False,2023-10-31,False
2023-08-01,228770,442571,69045458.82000001,False,2023-11-30,False
2023-09-01,227017,439206,68251092.0,False,2023-12-31,False
2023-10-01,228889,443357,73779382.01,False,2024-01-31,False
2023-11-01,227397,439746,72756863.87,False,2024-02-29,False
2023-12-01,227882,439909,72777106.25,False,2024-03-31,False
2024-01-01,226708,438958,72346204.95,False,2024-04-30,False
2024-02-01,225322,436338,71643391.96000001,False,2024-05-31,False
2024-03-01,226682,438100,71915943.93,False,2024-06-30,False
2024-04-01,228607,439204,72574718.89,False,2024-07-31,False
2024-05-01,229919,440285,72706129.25999999,False,2024-08-31,False
2024-06-01,229667,438990,72653359.42,False,2024-09-30,False
2024-07-01,230450,440172,73410514.78,False,2024-10-31,False
2024-08-01,231124,441331,73892462.13,False,2024-11-30,False
2024-09-01,231458,440227,73729259.16,False,2024-12-31,False
2024-10-01,233080,442256,74839701.18,False,2025-01-31,False
2024-11-01,232203,440185,73935328.60000001,False,2025-02-28,False
2024-12-01,233092,440559,74022786.22,False,2025-03-31,False
2025-01-01,229948,435966,71691462.78,False,2025-04-30,False
2025-02-01,229593,435627,71608868.4,False,2025-05-31,False
2025-03-01,230658,436394,71891777.34,False,2025-06-30,False
2025-04-01,231059,437125,71935143.3,False,2025-07-31,False
2025-05-01,231332,437741,71869800.89,False,2025-08-31,False
2025-06-01,230952,436126,72089107.07,False,2025-09-30,False
2025-07-01,231053,436518,72517991.71,False,2025-10-31,False
2025-08-01,230928,437714,72535861.07,False,2025-11-30,False
2025-09-01,231665,438482,72856714.61,False,2025-12-31,False
2025-10-01,232168,440137,75223597.53999999,False,2026-01-31,False
2025-11-01,228320,430809,73208973.83,False,2026-02-28,False
2025-12-01,226399,426189,72535391.5,False,2026-03-31,False
2026-01-01,225259,422196,70675839.39,False,2026-04-30,False
2026-02-01,225499,421656,71051564.07,False,2026-05-31,False
2026-03-01,226055,421422,71310693.74,False,2026-06-30,False
