year,county_geoid,county,total_households,no_vehicle_households,no_vehicle_rate,no_vehicle_rate_moe,limited_vehicle_households,limited_vehicle_rate
2022,27001,AITKIN,6797,352,5.18,0.92,2369,34.85
2022,27003,ANOKA,134390,6374,4.74,0.33,40595,30.21
2022,27005,BECKER,14134,724,5.12,0.96,4325,30.6
2022,27007,BELTRAMI,17870,1229,6.88,1.34,6442,36.05
2022,27009,BENTON,16312,865,5.3,1.19,5680,34.82
2022,27011,BIG STONE,2242,106,4.73,1.41,747,33.32
2022,27013,BLUE EARTH,27110,1897,7,1.28,9506,35.06
2022,27015,BROWN,10926,508,4.65,0.98,3717,34.02
2022,27017,CARLTON,13795,659,4.78,1.21,4007,29.05
2022,27019,CARVER,39293,1573,4,0.78,10595,26.96
2022,27021,CASS,12482,558,4.47,0.63,4050,32.45
2022,27023,CHIPPEWA,5206,386,7.41,2.14,1900,36.5
2022,27025,CHISAGO,20911,846,4.05,0.91,4893,23.4
2022,27027,CLAY,25512,2142,8.4,1.51,9285,36.39
2022,27029,CLEARWATER,3196,272,8.51,1.86,936,29.29
2022,27031,COOK,2672,106,3.97,1.97,932,34.88
2022,27033,COTTONWOOD,4613,259,5.61,1.47,1479,32.06
2022,27035,CROW WING,28141,1351,4.8,0.86,9950,35.36
2022,27037,DAKOTA,169404,7540,4.45,0.34,56892,33.58
2022,27039,DODGE,7827,296,3.78,1.2,1731,22.12
2022,27041,DOUGLAS,17252,938,5.44,1.18,5537,32.09
2022,27043,FARIBAULT,6006,309,5.14,1.21,1799,29.95
2022,27045,FILLMORE,8460,522,6.17,1.11,2416,28.56
2022,27047,FREEBORN,12890,816,6.33,1.24,4646,36.04
2022,27049,GOODHUE,19633,1291,6.58,1.17,6714,34.2
2022,27051,GRANT,2540,107,4.21,1.13,714,28.11
2022,27053,HENNEPIN,529029,47132,8.91,0.29,239451,45.26
2022,27055,HOUSTON,8028,279,3.48,1.08,2357,29.36
2022,27057,HUBBARD,8778,458,5.22,1.63,2573,29.31
2022,27059,ISANTI,15572,508,3.26,0.71,4501,28.9
2022,27061,ITASCA,18121,1008,5.56,1.03,6038,33.32
2022,27063,JACKSON,4391,213,4.85,1.52,1413,32.18
2022,27065,KANABEC,6518,296,4.54,1.19,1767,27.11
2022,27067,KANDIYOHI,17128,949,5.54,1.16,5565,32.49
2022,27069,KITTSON,1722,80,4.65,1.73,513,29.79
2022,27071,KOOCHICHING,5703,394,6.91,2.25,1984,34.79
2022,27073,LAC QUI PARLE,2838,97,3.42,1.09,788,27.77
2022,27075,LAKE,5036,218,4.33,1.34,1677,33.3
2022,27077,LAKE OF THE WOODS,1632,39,2.39,1.58,468,28.68
2022,27079,LE SUEUR,11340,320,2.82,0.66,2772,24.44
2022,27081,LINCOLN,2433,74,3.04,0.9,704,28.94
2022,27083,LYON,9924,724,7.3,1.35,3829,38.58
2022,27085,MCLEOD,14825,591,3.99,1.08,4850,32.72
2022,27087,MAHNOMEN,1879,154,8.2,1.48,757,40.29
2022,27089,MARSHALL,3746,146,3.9,1.36,1047,27.95
2022,27091,MARTIN,8870,540,6.09,1.67,3315,37.37
2022,27093,MEEKER,8975,416,4.64,0.88,2522,28.1
2022,27095,MILLE LACS,10546,704,6.68,1.22,3440,32.62
2022,27097,MORRISON,13718,713,5.2,1.29,3990,29.09
2022,27099,MOWER,15653,930,5.94,1.41,5642,36.04
2022,27101,MURRAY,3532,144,4.08,1.72,1006,28.48
2022,27103,NICOLLET,12913,680,5.27,1.11,4434,34.34
2022,27105,NOBLES,7689,548,7.13,1.85,2686,34.93
2022,27107,NORMAN,2660,136,5.11,1.82,786,29.55
2022,27109,OLMSTED,65970,4442,6.73,0.85,25385,38.48
2022,27111,OTTER TAIL,24910,1390,5.58,0.98,7678,30.82
2022,27113,PENNINGTON,6150,290,4.72,1.64,2155,35.04
2022,27115,PINE,11380,700,6.15,1.1,3331,29.27
2022,27117,PIPESTONE,3965,221,5.57,1.61,1448,36.52
2022,27119,POLK,12472,814,6.53,1.21,4096,32.84
2022,27121,POPE,4897,227,4.64,1.28,1418,28.96
2022,27123,RAMSEY,216969,22413,10.33,0.5,102684,47.33
2022,27125,RED LAKE,1638,74,4.52,1.27,428,26.13
2022,27127,REDWOOD,6075,258,4.25,0.88,1927,31.72
2022,27129,RENVILLE,5876,369,6.28,0.91,1784,30.36
2022,27131,RICE,23265,1156,4.97,0.94,7512,32.29
2022,27133,ROCK,3923,241,6.14,1.8,1005,25.62
2022,27135,ROSEAU,5833,313,5.37,1.31,1763,30.22
2022,27137,ST. LOUIS,85726,7310,8.53,0.66,33601,39.2
2022,27139,SCOTT,53014,1566,2.95,0.54,12679,23.92
2022,27141,SHERBURNE,34379,1410,4.1,0.87,8111,23.59
2022,27143,SIBLEY,5882,292,4.96,1.39,1594,27.1
2022,27145,STEARNS,60509,3399,5.62,0.86,21384,35.34
2022,27147,STEELE,15011,1115,7.43,1.5,5110,34.04
2022,27149,STEVENS,3798,164,4.32,1.68,1299,34.2
2022,27151,SWIFT,4154,191,4.6,1.31,1479,35.6
2022,27153,TODD,9767,596,6.1,1.23,2730,27.95
2022,27155,TRAVERSE,1433,74,5.16,2.36,518,36.15
2022,27157,WABASHA,9229,437,4.74,1.23,2905,31.48
2022,27159,WADENA,5734,522,9.1,2.74,2006,34.98
2022,27161,WASECA,7493,249,3.32,1.47,2133,28.47
2022,27163,WASHINGTON,101177,4181,4.13,0.45,28872,28.54
2022,27165,WATONWAN,4301,280,6.51,2.11,1319,30.67
2022,27167,WILKIN,2667,140,5.25,2.2,803,30.11
2022,27169,WINONA,20215,1468,7.26,1.15,7816,38.66
2022,27171,WRIGHT,51523,1430,2.78,0.49,13127,25.48
2022,27173,YELLOW MEDICINE,3978,214,5.38,1.53,1076,27.05
2023,27001,AITKIN,6935,327,4.72,0.86,2388,34.43
2023,27003,ANOKA,136171,6292,4.62,0.44,42128,30.94
2023,27005,BECKER,14404,764,5.3,1,4647,32.26
2023,27007,BELTRAMI,17908,1147,6.4,1.1,6316,35.27
2023,27009,BENTON,16494,983,5.96,1.17,5926,35.93
2023,27011,BIG STONE,2179,85,3.9,1.14,752,34.51
2023,27013,BLUE EARTH,27183,2006,7.38,1.2,9512,34.99
2023,27015,BROWN,10946,514,4.7,0.89,3793,34.65
2023,27017,CARLTON,13972,662,4.74,1.4,4037,28.89
2023,27019,CARVER,40231,1492,3.71,0.72,10906,27.11
2023,27021,CASS,12768,575,4.5,0.56,4071,31.88
2023,27023,CHIPPEWA,5196,389,7.49,2,1902,36.61
2023,27025,CHISAGO,21252,864,4.07,0.91,5418,25.49
2023,27027,CLAY,25939,2236,8.62,1.33,9451,36.44
2023,27029,CLEARWATER,3245,250,7.7,1.83,960,29.58
2023,27031,COOK,2700,66,2.44,1.13,885,32.78
2023,27033,COTTONWOOD,4659,262,5.62,1.49,1412,30.31
2023,27035,CROW WING,28778,1367,4.75,0.79,9875,34.31
2023,27037,DAKOTA,171630,8250,4.81,0.4,58752,34.23
2023,27039,DODGE,8018,330,4.12,1.18,1951,24.33
2023,27041,DOUGLAS,17416,855,4.91,0.96,5544,31.83
2023,27043,FARIBAULT,6170,310,5.02,1.18,1969,31.91
2023,27045,FILLMORE,8626,508,5.89,1.1,2528,29.31
2023,27047,FREEBORN,12885,768,5.96,1.08,4757,36.92
2023,27049,GOODHUE,19631,1324,6.74,1.35,6844,34.86
2023,27051,GRANT,2521,103,4.09,1.3,735,29.16
2023,27053,HENNEPIN,534573,47368,8.86,0.3,246055,46.03
2023,27055,HOUSTON,8074,285,3.53,0.91,2395,29.66
2023,27057,HUBBARD,8885,477,5.37,1.61,2714,30.55
2023,27059,ISANTI,15875,539,3.4,0.74,4522,28.49
2023,27061,ITASCA,18510,924,4.99,1.07,5970,32.25
2023,27063,JACKSON,4421,220,4.98,1.51,1428,32.3
2023,27065,KANABEC,6475,293,4.53,1.09,1693,26.15
2023,27067,KANDIYOHI,17450,1071,6.14,1.27,6044,34.64
2023,27069,KITTSON,1758,71,4.04,1.64,495,28.16
2023,27071,KOOCHICHING,5710,456,7.99,2.42,2062,36.11
2023,27073,LAC QUI PARLE,2881,87,3.02,0.9,776,26.94
2023,27075,LAKE,5030,195,3.88,1.28,1626,32.33
2023,27077,LAKE OF THE WOODS,1665,44,2.64,1.67,478,28.71
2023,27079,LE SUEUR,11499,382,3.32,0.97,2996,26.05
2023,27081,LINCOLN,2435,64,2.63,0.9,678,27.84
2023,27083,LYON,10003,833,8.33,1.77,3817,38.16
2023,27085,MCLEOD,14971,505,3.37,0.83,5059,33.79
2023,27087,MAHNOMEN,1871,169,9.03,1.54,774,41.37
2023,27089,MARSHALL,3740,148,3.96,1.23,1023,27.35
2023,27091,MARTIN,8840,746,8.44,1.96,3288,37.19
2023,27093,MEEKER,9141,408,4.46,0.98,2607,28.52
2023,27095,MILLE LACS,10739,604,5.62,1.21,3390,31.57
2023,27097,MORRISON,13860,610,4.4,1.22,3930,28.35
2023,27099,MOWER,15570,925,5.94,1.11,5593,35.92
2023,27101,MURRAY,3601,150,4.17,1.97,990,27.49
2023,27103,NICOLLET,12984,694,5.35,1.34,4412,33.98
2023,27105,NOBLES,7689,488,6.35,1.79,2673,34.76
2023,27107,NORMAN,2676,140,5.23,1.82,771,28.81
2023,27109,OLMSTED,66629,4504,6.76,0.78,25516,38.3
2023,27111,OTTER TAIL,25181,1422,5.65,1.01,7924,31.47
2023,27113,PENNINGTON,6170,380,6.16,1.9,2288,37.08
2023,27115,PINE,11913,704,5.91,0.96,3490,29.3
2023,27117,PIPESTONE,3971,229,5.77,1.42,1436,36.16
2023,27119,POLK,12448,751,6.03,1.34,4096,32.9
2023,27121,POPE,4987,264,5.29,1.4,1426,28.59
2023,27123,RAMSEY,219075,21837,9.97,0.46,105133,47.99
2023,27125,RED LAKE,1650,58,3.52,1.15,394,23.88
2023,27127,REDWOOD,6156,305,4.95,1.05,2064,33.53
2023,27129,RENVILLE,5965,370,6.2,1.23,1815,30.43
2023,27131,RICE,23345,1248,5.35,0.81,7750,33.2
2023,27133,ROCK,3956,237,5.99,2.02,1067,26.97
2023,27135,ROSEAU,6058,330,5.45,1.41,1755,28.97
2023,27137,ST. LOUIS,86264,7153,8.29,0.69,33851,39.24
2023,27139,SCOTT,54238,1652,3.05,0.56,13501,24.89
2023,27141,SHERBURNE,34951,1473,4.21,0.84,8848,25.32
2023,27143,SIBLEY,5884,286,4.86,1.42,1578,26.82
2023,27145,STEARNS,60937,3367,5.53,0.66,20458,33.57
2023,27147,STEELE,15001,978,6.52,1.48,4892,32.61
2023,27149,STEVENS,3835,171,4.46,1.74,1408,36.71
2023,27151,SWIFT,4134,194,4.69,1.27,1448,35.03
2023,27153,TODD,10049,673,6.7,1.32,2948,29.34
2023,27155,TRAVERSE,1410,58,4.11,2.19,508,36.03
2023,27157,WABASHA,9129,443,4.85,1.33,2707,29.65
2023,27159,WADENA,5889,524,8.9,2.59,2058,34.95
2023,27161,WASECA,7505,318,4.24,1.92,2069,27.57
2023,27163,WASHINGTON,103411,4028,3.9,0.43,30371,29.37
2023,27165,WATONWAN,4314,293,6.79,2.84,1220,28.28
2023,27167,WILKIN,2691,174,6.47,2.66,875,32.52
2023,27169,WINONA,20288,1350,6.65,1.29,8000,39.43
2023,27171,WRIGHT,52757,1480,2.81,0.52,13163,24.95
2023,27173,YELLOW MEDICINE,3993,215,5.38,1.14,1033,25.87
2024,27001,AITKIN,7222,359,4.97,0.82,2538,35.14
2024,27003,ANOKA,137432,6385,4.65,0.38,42731,31.09
2024,27005,BECKER,14410,833,5.78,0.92,4634,32.16
2024,27007,BELTRAMI,18172,1070,5.89,1.17,6699,36.86
2024,27009,BENTON,16719,1024,6.12,1.47,5993,35.85
2024,27011,BIG STONE,2136,95,4.45,1.49,760,35.58
2024,27013,BLUE EARTH,27606,1822,6.6,1.15,9612,34.82
2024,27015,BROWN,11027,535,4.85,1,4023,36.48
2024,27017,CARLTON,14090,797,5.66,1.26,4230,30.02
2024,27019,CARVER,41175,1561,3.79,0.73,11307,27.46
2024,27021,CASS,12874,540,4.19,0.62,4060,31.54
2024,27023,CHIPPEWA,5126,355,6.93,1.9,1893,36.93
2024,27025,CHISAGO,21364,834,3.9,0.88,5746,26.9
2024,27027,CLAY,26442,2398,9.07,1.31,9847,37.24
2024,27029,CLEARWATER,3339,308,9.22,2.02,1061,31.78
2024,27031,COOK,2710,69,2.55,1.13,971,35.83
2024,27033,COTTONWOOD,4630,272,5.87,2.11,1486,32.1
2024,27035,CROW WING,29402,1435,4.88,0.93,10077,34.27
2024,27037,DAKOTA,174362,8615,4.94,0.45,60126,34.48
2024,27039,DODGE,8083,306,3.79,1.17,2013,24.9
2024,27041,DOUGLAS,17519,880,5.02,1.1,5833,33.3
2024,27043,FARIBAULT,6079,300,4.94,1.08,1903,31.3
2024,27045,FILLMORE,8723,504,5.78,0.98,2550,29.23
2024,27047,FREEBORN,12846,747,5.82,1.31,4888,38.05
2024,27049,GOODHUE,19727,1343,6.81,1.32,7066,35.82
2024,27051,GRANT,2490,114,4.58,1.4,748,30.04
2024,27053,HENNEPIN,539493,50304,9.32,0.4,253572,47
2024,27055,HOUSTON,8134,262,3.22,0.97,2453,30.16
2024,27057,HUBBARD,8964,402,4.48,1.43,2703,30.15
2024,27059,ISANTI,16293,638,3.92,0.93,4708,28.9
2024,27061,ITASCA,18541,868,4.68,0.87,5778,31.16
2024,27063,JACKSON,4387,171,3.9,1.2,1418,32.32
2024,27065,KANABEC,6564,225,3.43,1.08,1710,26.05
2024,27067,KANDIYOHI,17603,962,5.46,1.08,5924,33.65
2024,27069,KITTSON,1774,58,3.27,2.13,449,25.31
2024,27071,KOOCHICHING,5872,523,8.91,2.55,2287,38.95
2024,27073,LAC QUI PARLE,2924,100,3.42,1.02,762,26.06
2024,27075,LAKE,4942,175,3.54,1.31,1547,31.3
2024,27077,LAKE OF THE WOODS,1817,43,2.37,1.36,490,26.97
2024,27079,LE SUEUR,11650,413,3.55,0.83,2974,25.53
2024,27081,LINCOLN,2445,81,3.31,1.22,700,28.63
2024,27083,LYON,10108,834,8.25,2,3819,37.78
2024,27085,MCLEOD,15215,511,3.36,0.96,5252,34.52
2024,27087,MAHNOMEN,1885,169,8.97,1.26,742,39.36
2024,27089,MARSHALL,3781,174,4.6,1.37,1006,26.61
2024,27091,MARTIN,8839,879,9.94,2.38,3513,39.74
2024,27093,MEEKER,9347,396,4.24,1.03,2828,30.26
2024,27095,MILLE LACS,10672,583,5.46,0.92,3244,30.4
2024,27097,MORRISON,14084,683,4.85,1.2,4271,30.33
2024,27099,MOWER,15719,820,5.22,1.1,5562,35.38
2024,27101,MURRAY,3609,161,4.46,1.71,955,26.46
2024,27103,NICOLLET,13002,527,4.05,1.16,4357,33.51
2024,27105,NOBLES,7674,423,5.51,1.75,2637,34.36
2024,27107,NORMAN,2700,137,5.07,1.62,819,30.33
2024,27109,OLMSTED,66918,4599,6.87,0.82,25907,38.71
2024,27111,OTTER TAIL,25157,1408,5.6,0.88,7684,30.54
2024,27113,PENNINGTON,6207,356,5.74,1.86,2389,38.49
2024,27115,PINE,12323,777,6.31,1.1,3817,30.97
2024,27117,PIPESTONE,3971,239,6.02,1.8,1328,33.44
2024,27119,POLK,12360,911,7.37,1.76,4005,32.4
2024,27121,POPE,4958,296,5.97,1.83,1434,28.92
2024,27123,RAMSEY,221327,22659,10.24,0.42,107633,48.63
2024,27125,RED LAKE,1671,57,3.41,1.25,409,24.48
2024,27127,REDWOOD,6293,376,5.97,1.47,2218,35.25
2024,27129,RENVILLE,6056,348,5.75,1.12,1806,29.82
2024,27131,RICE,23493,1315,5.6,0.94,8110,34.52
2024,27133,ROCK,4035,235,5.82,2.07,1192,29.54
2024,27135,ROSEAU,6296,381,6.05,1.79,1875,29.78
2024,27137,ST. LOUIS,87115,6955,7.98,0.65,34396,39.48
2024,27139,SCOTT,54971,1707,3.11,0.52,13671,24.87
2024,27141,SHERBURNE,35555,1477,4.15,0.83,9106,25.61
2024,27143,SIBLEY,5929,243,4.1,1.19,1607,27.1
2024,27145,STEARNS,61403,3667,5.97,0.76,20886,34.01
2024,27147,STEELE,15138,937,6.19,1.45,5071,33.5
2024,27149,STEVENS,3889,194,4.99,1.82,1325,34.07
2024,27151,SWIFT,4121,292,7.09,2.05,1585,38.46
2024,27153,TODD,10209,661,6.47,1.29,3021,29.59
2024,27155,TRAVERSE,1311,76,5.8,2.42,466,35.55
2024,27157,WABASHA,9156,473,5.17,1.43,2655,29
2024,27159,WADENA,6081,464,7.63,2.4,2106,34.63
2024,27161,WASECA,7477,365,4.88,1.63,2234,29.88
2024,27163,WASHINGTON,105577,4005,3.79,0.45,32041,30.35
2024,27165,WATONWAN,4227,335,7.93,3.13,1247,29.5
2024,27167,WILKIN,2655,178,6.7,2.85,811,30.55
2024,27169,WINONA,20253,1077,5.32,1.12,7792,38.47
2024,27171,WRIGHT,54010,1620,3,0.53,13771,25.5
2024,27173,YELLOW MEDICINE,4070,187,4.59,1.27,1125,27.64
