,visits_seasonal_naive,visits_damped_yoy_3m,visits_mmf_select,visits_blend,visits_final,visits_final_choice,pounds_seasonal_naive,pounds_damped_yoy_3m,pounds_mmf_select,pounds_blend,pounds_final,pounds_final_choice,individuals_seasonal_naive,individuals_damped_yoy_3m,individuals_mmf_select,individuals_blend,individuals_final,individuals_final_choice
aitkin,424.0,496.4,496.3,472.2,496.3,recent_mean,20002.0,21977.2,21977.2,21318.8,22543.3,recent_mean,835.0,997.0,1159.1,997.0,1089.7,recent_mean
anoka,20888.0,18122.7,18122.7,19044.5,18122.7,damped_yoy_3m,819551.0,764694.9,764694.9,782980.3,764694.9,mmf_select,72272.0,68875.2,68875.2,70007.5,70007.5,blend
becker,555.0,533.9,535.0,541.3,535.0,mmf_select,51318.0,47595.6,43873.1,47595.6,40789.7,recent_mean,1879.0,1789.0,1710.7,1792.9,1710.7,mmf_select
beltrami,1303.0,1516.1,1554.0,1457.7,1554.0,recent_mean,94979.8,103669.4,103669.4,100772.9,100772.9,blend,4004.0,4562.0,5120.0,4562.0,4562.0,damped_yoy_3m
benton,706.0,699.1,699.1,701.4,701.4,blend,31775.0,32407.3,30979.3,31720.5,30979.3,mmf_select,1880.0,1828.3,1828.3,1845.6,1777.0,recent_mean
big stone,84.0,84.8,72.0,80.3,84.0,seasonal_naive,7163.0,7211.2,5878.7,6750.9,5878.7,recent_mean,256.0,250.4,250.4,252.2,252.2,blend
blue earth,5134.0,5164.3,5164.3,5154.2,5154.2,blend,273079.0,335075.7,271399.7,293184.8,271399.7,recent_mean,15455.0,15655.1,15455.0,15521.7,15455.0,seasonal_naive
brown,310.0,302.5,302.5,305.0,305.0,blend,27697.0,26595.6,26595.6,26962.8,26595.6,damped_yoy_3m,849.0,834.1,849.0,844.0,844.0,blend
carlton,491.0,503.7,574.0,522.9,574.0,recent_mean,31582.0,30343.6,30343.6,30756.4,30343.6,damped_yoy_3m,1192.0,1225.4,1261.7,1226.4,1261.7,recent_mean
carver,2194.0,2171.9,2191.7,2185.9,2171.9,damped_yoy_3m,189229.0,188213.8,174775.3,184072.7,174775.3,recent_mean,7506.0,7271.8,7321.7,7366.5,7271.8,damped_yoy_3m
cass,1436.0,1544.7,1500.7,1493.8,1544.7,damped_yoy_3m,73188.0,85734.6,60922.0,73281.5,73281.5,blend,4222.0,4548.8,4388.3,4386.4,4222.0,seasonal_naive
chippewa,242.0,220.5,199.0,220.5,199.0,mmf_select,8428.0,8075.1,7722.2,8075.1,7722.2,mmf_select,512.0,457.3,402.6,457.3,402.6,mmf_select
chisago,1337.0,1362.0,1362.0,1353.7,1362.0,mmf_select,76814.0,77436.4,77436.4,77228.9,77436.4,mmf_select,3162.0,3194.9,3307.3,3221.4,3307.3,mmf_select
clay,2995.0,2793.0,2687.7,2825.2,2687.7,recent_mean,143048.0,135604.6,135604.6,138085.8,138085.8,blend,10464.0,8857.8,7538.0,8953.3,7538.0,mmf_select
clearwater,212.0,212.3,212.0,212.1,212.3,damped_yoy_3m,11537.0,11260.7,11814.7,11537.5,11260.7,damped_yoy_3m,496.0,507.7,496.0,499.9,496.0,seasonal_naive
cook,253.0,249.3,253.0,251.8,253.0,seasonal_naive,11348.0,9136.5,8623.0,9702.5,8623.0,recent_mean,507.0,486.4,486.4,493.3,486.4,damped_yoy_3m
cottonwood,295.0,291.2,295.0,293.7,293.7,blend,18196.0,19103.9,20011.8,19103.9,19103.9,damped_yoy_3m,1113.0,1133.5,1133.5,1126.7,1113.0,seasonal_naive
crow wing,1946.0,2247.9,2574.3,2256.1,2247.9,damped_yoy_3m,99543.0,94391.5,99543.0,97825.8,97825.8,blend,4939.0,5693.9,6442.7,5691.8,5693.9,damped_yoy_3m
dakota,12360.0,12840.4,14563.0,13254.5,14563.0,mmf_select,882977.0,891922.1,891922.1,888940.4,891922.1,mmf_select,40014.0,41030.2,41030.2,40691.5,41030.2,mmf_select
dodge,735.0,744.0,735.0,738.0,735.0,seasonal_naive,27426.0,28653.1,28653.1,28244.1,28244.1,blend,1994.0,2012.4,1988.3,1998.2,1994.0,seasonal_naive
douglas,548.0,539.9,548.0,545.3,539.9,damped_yoy_3m,65593.0,92004.3,74413.0,77336.8,74413.0,mmf_select,1490.0,1482.4,1490.0,1487.5,1490.0,seasonal_naive
faribault,258.0,243.9,243.9,248.6,243.9,mmf_select,10819.0,11012.6,12871.0,11567.5,12871.0,mmf_select,762.0,714.9,714.9,730.6,765.3,recent_mean
fillmore,405.0,414.2,414.2,411.1,414.2,damped_yoy_3m,19993.0,20743.1,20743.1,20493.1,21246.7,recent_mean,983.0,996.6,975.7,985.1,975.7,mmf_select
freeborn,827.0,790.6,771.0,796.2,771.0,recent_mean,30184.0,29402.2,27665.0,29083.7,27665.0,mmf_select,2212.0,2160.9,2107.0,2160.0,2107.0,recent_mean
goodhue,1192.0,1246.7,1352.7,1263.8,1352.7,recent_mean,55582.4,57581.9,58657.2,57273.8,57581.9,damped_yoy_3m,3689.0,3767.4,3827.0,3761.1,3827.0,recent_mean
grant,117.0,118.1,90.3,108.5,90.3,mmf_select,7817.5,8181.5,7259.3,7752.8,7259.3,recent_mean,250.0,249.4,192.0,230.5,192.0,recent_mean
hennepin,80493.0,73957.8,67422.6,73957.8,73957.8,damped_yoy_3m,4071707.0,3981248.2,4071707.0,4041554.1,4071707.0,seasonal_naive,231412.0,223777.9,231412.0,228867.3,231412.0,seasonal_naive
houston,687.0,648.0,730.7,688.5,730.7,recent_mean,25295.0,25254.0,25295.0,25281.3,25295.0,seasonal_naive,1675.0,1581.9,1581.9,1613.0,1581.9,mmf_select
hubbard,632.0,610.3,632.0,624.8,632.0,seasonal_naive,46660.0,43422.4,46660.0,45580.8,39163.7,recent_mean,1869.0,1786.6,1869.0,1841.5,1869.0,seasonal_naive
isanti,1258.0,1290.5,1351.7,1300.0,1351.7,recent_mean,66435.0,67506.2,69378.3,67773.2,66435.0,seasonal_naive,3870.0,3736.4,3748.3,3784.9,3748.3,recent_mean
itasca,514.0,526.0,514.0,518.0,514.0,seasonal_naive,16002.0,15169.3,15169.3,15446.9,15169.3,damped_yoy_3m,1191.0,1275.1,1191.0,1219.0,1191.0,seasonal_naive
jackson,288.0,278.2,250.3,272.2,278.2,damped_yoy_3m,28196.0,28251.4,25789.7,27412.4,28251.4,damped_yoy_3m,1091.0,1038.5,941.3,1023.6,941.3,recent_mean
kanabec,343.0,352.9,379.3,358.4,343.0,seasonal_naive,18361.0,17876.3,17391.7,17876.3,17876.3,blend,892.0,932.4,947.7,924.0,892.0,seasonal_naive
kandiyohi,857.0,891.3,909.3,885.9,909.3,recent_mean,64049.0,82053.0,78203.0,74768.3,78203.0,recent_mean,2805.0,2957.5,2964.3,2908.9,2957.5,damped_yoy_3m
kittson,93.0,92.6,93.0,92.9,109.7,recent_mean,4655.4,4376.1,4655.4,4562.3,5467.3,recent_mean,214.0,232.6,214.0,220.2,290.7,recent_mean
koochiching,620.0,763.7,725.0,702.9,725.0,recent_mean,24915.0,28623.4,24915.0,26151.1,26151.1,blend,1315.0,1623.4,1554.3,1497.6,1554.3,recent_mean
lac qui parle,39.0,42.0,49.7,43.6,49.7,recent_mean,2971.0,3189.3,4079.0,3413.1,4079.0,recent_mean,71.0,71.9,103.3,82.1,103.3,recent_mean
lake,266.0,270.0,296.3,277.4,296.3,recent_mean,9382.0,7857.2,8968.3,8735.8,8968.3,recent_mean,570.0,590.9,630.7,597.2,630.7,recent_mean
lake of the woods,72.0,75.9,72.0,73.3,75.9,damped_yoy_3m,4060.5,4318.0,5785.7,4721.4,5785.7,recent_mean,132.0,145.2,132.0,136.4,145.2,damped_yoy_3m
le sueur,739.0,680.1,621.2,680.1,655.7,recent_mean,48681.0,42887.1,38437.0,43335.0,38437.0,recent_mean,2079.0,1786.8,1494.5,1786.8,1543.7,recent_mean
lincoln,114.0,108.2,114.0,112.1,114.0,seasonal_naive,2780.0,2846.0,2846.0,2824.0,2846.0,damped_yoy_3m,149.0,142.5,142.5,144.7,142.5,damped_yoy_3m
lyon,562.0,594.9,592.3,583.1,592.3,recent_mean,38328.0,40714.8,43101.5,40714.8,40714.8,damped_yoy_3m,1501.0,1591.9,1554.7,1549.2,1591.9,damped_yoy_3m
mahnomen,486.0,586.9,545.3,539.4,545.3,recent_mean,31588.0,42322.5,39581.7,37830.7,39581.7,mmf_select,1177.0,1397.0,1393.0,1322.3,1393.0,mmf_select
marshall,115.0,119.8,124.7,119.8,119.8,damped_yoy_3m,6874.0,6651.4,7053.0,6859.5,6859.5,blend,285.0,290.5,285.0,286.8,286.8,blend
martin,513.0,591.4,669.8,591.4,653.7,recent_mean,40820.0,46257.9,51695.8,46257.9,51695.8,mmf_select,1320.0,1504.4,1688.8,1504.4,1504.4,blend
mcleod,1385.0,1441.2,1441.2,1422.5,1422.5,blend,65259.0,70706.6,76154.2,70706.6,76154.2,mmf_select,3306.0,3459.3,3612.6,3459.3,3612.6,mmf_select
meeker,463.0,469.5,469.5,467.3,469.5,damped_yoy_3m,28048.0,27817.8,28048.0,27971.3,27971.3,blend,1185.0,1185.0,1185.0,1185.0,1185.0,mmf_select
mille lacs,512.0,912.2,1550.0,991.4,1550.0,recent_mean,25260.0,28559.2,25260.0,26359.7,28559.2,damped_yoy_3m,1351.0,2334.0,4284.3,2656.4,4284.3,recent_mean
morrison,558.0,566.3,558.0,560.8,587.3,recent_mean,40031.0,39911.5,40031.0,39991.2,39911.5,damped_yoy_3m,1436.0,1467.0,1436.0,1446.3,1516.0,recent_mean
mower,1710.0,1706.3,1710.0,1708.8,1708.8,blend,53547.4,55379.5,55379.5,54768.8,53547.4,seasonal_naive,4995.0,4775.8,4099.0,4623.3,4995.0,seasonal_naive
murray,176.0,176.0,177.0,176.3,176.3,blend,10012.0,9512.8,9557.3,9694.0,9694.0,blend,425.0,400.0,374.9,400.0,369.3,recent_mean
nicollet,274.0,272.7,274.0,273.6,273.6,blend,18392.0,22086.2,24125.0,21534.4,24125.0,recent_mean,877.0,902.8,877.0,885.6,885.6,blend
nobles,417.0,381.8,346.6,381.8,381.8,damped_yoy_3m,21898.0,20460.2,20460.2,20939.5,20460.2,damped_yoy_3m,1683.0,1542.7,1402.3,1542.7,1542.7,damped_yoy_3m
norman,62.0,66.9,73.7,67.5,73.7,recent_mean,3154.9,3564.8,3513.8,3411.2,3513.8,mmf_select,176.0,192.0,192.0,186.7,186.7,blend
olmsted,10373.0,10002.0,10002.0,10125.7,10002.0,damped_yoy_3m,437322.5,435873.4,495069.1,456088.3,495069.1,mmf_select,28318.0,27487.4,27487.4,27764.3,27487.4,damped_yoy_3m
otter tail,999.0,994.6,1019.0,1004.2,1004.2,blend,72895.9,72779.7,70960.1,72211.9,70960.1,recent_mean,2713.0,2717.3,2767.0,2732.4,2732.4,blend
pennington,450.0,399.5,437.0,428.8,437.0,recent_mean,28931.0,26887.9,28067.7,27962.2,28067.7,recent_mean,1269.0,1093.5,1125.0,1162.5,1125.0,mmf_select
pine,636.0,636.9,636.0,636.3,636.0,seasonal_naive,36032.0,36708.7,36032.0,36257.6,36032.0,seasonal_naive,1423.0,1427.5,1423.0,1424.5,1427.5,damped_yoy_3m
pipestone,450.0,452.2,506.7,469.6,506.7,mmf_select,34913.0,36016.3,37119.6,36016.3,36016.3,damped_yoy_3m,1173.0,1196.1,1339.3,1236.1,1339.3,mmf_select
polk,751.0,793.8,793.8,779.5,779.5,blend,29738.8,30505.1,29738.8,29994.2,29738.8,seasonal_naive,2061.0,2195.1,2061.0,2105.7,2037.7,recent_mean
pope,70.0,66.2,62.3,66.2,62.3,recent_mean,10730.0,10125.8,9326.3,10060.7,9326.3,recent_mean,181.0,167.8,148.7,165.8,148.7,mmf_select
ramsey,21354.0,22028.4,22028.4,21803.6,22028.4,damped_yoy_3m,1642390.0,1632565.9,1622741.8,1632565.9,1632565.9,blend,69334.0,72959.0,76584.0,72959.0,76584.0,mmf_select
red lake,129.0,123.7,122.3,125.0,122.3,mmf_select,6438.3,6228.6,6438.3,6368.4,5724.1,recent_mean,256.0,246.1,246.1,249.4,239.3,recent_mean
redwood,253.0,258.8,258.8,256.9,258.8,damped_yoy_3m,22175.0,22303.3,22303.3,22260.5,22303.3,damped_yoy_3m,830.0,818.4,806.8,818.4,818.4,blend
renville,1191.0,1460.2,1729.4,1460.2,1625.3,recent_mean,54136.0,67807.2,67807.2,63250.1,63250.1,blend,3132.0,3682.8,4233.6,3682.8,4076.3,recent_mean
rice,4210.0,4184.5,4184.5,4193.0,4081.3,recent_mean,208760.0,225029.1,224749.7,219512.9,219512.9,blend,13345.0,13490.4,13490.4,13441.9,13490.4,mmf_select
rock,183.0,159.6,147.3,163.3,147.3,recent_mean,10519.0,8318.7,8318.7,9052.1,8318.7,damped_yoy_3m,646.0,556.3,519.7,574.0,519.7,recent_mean
roseau,228.0,208.6,213.3,216.7,213.3,recent_mean,9842.0,9405.7,10891.7,10046.4,10891.7,recent_mean,773.0,695.3,677.0,715.1,677.0,recent_mean
scott,697.0,790.0,790.0,759.0,759.0,blend,50274.0,53614.3,51255.0,51714.4,51255.0,mmf_select,2198.0,2298.5,2398.9,2298.5,2298.5,damped_yoy_3m
sherburne,3145.0,3102.2,3145.0,3130.7,3102.2,damped_yoy_3m,183974.0,190371.7,164048.0,179464.6,190371.7,damped_yoy_3m,9549.0,9272.6,9549.0,9456.9,9549.0,seasonal_naive
sibley,323.0,335.2,312.7,323.6,323.0,seasonal_naive,22934.0,22833.0,22833.0,22866.6,22833.0,damped_yoy_3m,820.0,807.4,820.0,815.8,820.0,seasonal_naive
st. louis,6245.0,6084.1,6084.1,6137.7,6084.1,damped_yoy_3m,324378.0,317867.5,379051.0,340432.2,379051.0,recent_mean,15540.0,15598.4,15598.4,15578.9,15578.9,blend
stearns,4359.0,4793.9,5228.9,4793.9,4907.0,recent_mean,355694.0,389378.8,394189.7,379754.2,394189.7,recent_mean,11574.0,12352.3,13130.7,12352.3,13130.7,mmf_select
steele,5638.0,5448.4,5416.3,5500.9,5500.9,blend,219880.4,202151.7,186302.9,202778.4,186302.9,recent_mean,18329.0,17512.1,17382.3,17741.2,17512.1,damped_yoy_3m
stevens,199.0,196.3,199.0,198.1,206.3,recent_mean,8690.0,8540.8,8380.0,8536.9,8380.0,mmf_select,693.0,692.8,693.0,692.9,618.0,recent_mean
swift,143.0,138.0,129.7,136.9,129.7,recent_mean,6024.0,5983.1,6024.0,6010.4,6024.0,seasonal_naive,398.0,328.3,311.7,346.0,311.7,mmf_select
todd,383.0,365.6,383.0,377.2,383.0,seasonal_naive,25632.0,22956.3,22233.7,23607.3,22233.7,mmf_select,1152.0,1117.1,1152.0,1140.4,1140.4,blend
traverse,82.0,84.5,84.5,83.6,88.7,recent_mean,4402.0,4358.0,4402.0,4387.3,4478.0,recent_mean,218.0,229.1,229.1,225.4,238.3,recent_mean
wabasha,1071.0,1194.6,1318.2,1194.6,1194.6,damped_yoy_3m,71346.9,78383.9,84667.5,78132.8,84667.5,recent_mean,2951.0,3281.4,3611.8,3281.4,3611.8,mmf_select
wadena,245.0,242.2,257.0,248.1,257.0,recent_mean,15949.6,12384.5,14736.8,14357.0,14736.8,recent_mean,693.0,701.5,709.9,701.5,701.5,damped_yoy_3m
waseca,716.0,781.2,846.5,781.2,837.0,recent_mean,26870.0,29134.9,29705.0,28570.0,29705.0,recent_mean,1697.0,1788.3,1879.6,1788.3,1873.3,recent_mean
washington,19591.0,21057.5,22524.0,21057.5,21057.5,damped_yoy_3m,682075.0,734965.2,744138.0,720392.7,744138.0,recent_mean,69678.0,73341.7,73341.7,72120.5,72120.5,blend
watonwan,435.0,406.0,406.0,415.6,415.6,blend,28731.0,28073.5,27416.0,28073.5,28073.5,blend,1890.0,1751.7,1751.7,1797.8,1797.8,blend
winona,1543.0,1485.8,1485.8,1504.9,1504.9,blend,55592.0,52570.3,49548.6,52570.3,52570.3,blend,3466.0,3251.3,3036.5,3251.3,3251.3,damped_yoy_3m
wright,2485.0,2453.5,2485.0,2474.5,2453.5,damped_yoy_3m,211714.0,209614.6,209614.6,210314.4,209614.6,damped_yoy_3m,8370.0,8245.1,8370.0,8328.4,8370.0,seasonal_naive
yellow medicine,218.0,243.6,269.1,243.6,247.3,recent_mean,16358.0,17503.2,18648.3,17503.2,18097.3,recent_mean,613.0,665.8,665.8,648.2,680.0,recent_mean
