metric,model,feature,split_importance
individuals,lightgbm_panel,numeric__individuals_lag_1,297
individuals,lightgbm_panel,numeric__individuals_rolling_mean_3,156
individuals,lightgbm_panel,numeric__month_cos,156
individuals,lightgbm_panel,numeric__visits_lag_1,140
individuals,lightgbm_panel,numeric__time_index,128
individuals,lightgbm_panel,categorical__month_cat_2,115
individuals,lightgbm_panel,numeric__individuals_state_share_lag_1,114
individuals,lightgbm_panel,numeric__individuals_historical_month_ratio,102
individuals,lightgbm_panel,numeric__pounds_lag_1,85
individuals,lightgbm_panel,numeric__individuals_rolling_mean_6,72
individuals,lightgbm_panel,numeric__individuals_rolling_median_3,70
individuals,lightgbm_panel,numeric__individuals_lag_12,63
individuals,lightgbm_panel,numeric__individuals_lag_2,62
individuals,lightgbm_panel,numeric__individuals_lag_6,62
individuals,lightgbm_panel,categorical__month_cat_10,53
individuals,lightgbm_panel,numeric__individuals_yoy_growth,52
individuals,lightgbm_panel,numeric__individuals_rolling_mean_12,43
individuals,lightgbm_panel,numeric__individuals_ytd_growth,38
individuals,lightgbm_panel,numeric__visits_lag_12,38
individuals,lightgbm_panel,numeric__individuals_per_visit_lag_1,36
individuals,lightgbm_panel,numeric__individuals_lag_3,32
individuals,lightgbm_panel,numeric__month_sin,32
individuals,lightgbm_panel,numeric__pounds_lag_12,28
individuals,lightgbm_panel,categorical__month_cat_4,22
individuals,lightgbm_panel,categorical__month_cat_12,19
individuals,lightgbm_panel,numeric__pounds_per_visit_lag_1,18
individuals,lightgbm_panel,numeric__n_sites_reported_lag_1,6
individuals,lightgbm_panel,categorical__month_cat_8,6
individuals,lightgbm_panel,categorical__month_cat_11,5
individuals,lightgbm_panel,numeric__n_sites_lag_1,4
individuals,lightgbm_panel,categorical__month_cat_7,3
individuals,lightgbm_panel,categorical__month_cat_6,2
individuals,lightgbm_panel,numeric__n_sites_missing_lag_1,0
individuals,lightgbm_panel,numeric__reporting_rate_lag_1,0
individuals,lightgbm_panel,categorical__fips_27001,0
individuals,lightgbm_panel,categorical__fips_27003,0
individuals,lightgbm_panel,categorical__fips_27005,0
individuals,lightgbm_panel,categorical__fips_27007,0
individuals,lightgbm_panel,categorical__fips_27009,0
individuals,lightgbm_panel,categorical__fips_27011,0
individuals,lightgbm_panel,categorical__fips_27013,0
individuals,lightgbm_panel,categorical__fips_27015,0
individuals,lightgbm_panel,categorical__fips_27017,0
individuals,lightgbm_panel,categorical__fips_27019,0
individuals,lightgbm_panel,categorical__fips_27021,0
individuals,lightgbm_panel,categorical__fips_27023,0
individuals,lightgbm_panel,categorical__fips_27025,0
individuals,lightgbm_panel,categorical__fips_27027,0
individuals,lightgbm_panel,categorical__fips_27029,0
individuals,lightgbm_panel,categorical__fips_27031,0
individuals,lightgbm_panel,categorical__fips_27033,0
individuals,lightgbm_panel,categorical__fips_27035,0
individuals,lightgbm_panel,categorical__fips_27037,0
individuals,lightgbm_panel,categorical__fips_27039,0
individuals,lightgbm_panel,categorical__fips_27041,0
individuals,lightgbm_panel,categorical__fips_27043,0
individuals,lightgbm_panel,categorical__fips_27045,0
individuals,lightgbm_panel,categorical__fips_27047,0
individuals,lightgbm_panel,categorical__fips_27049,0
individuals,lightgbm_panel,categorical__fips_27051,0
individuals,lightgbm_panel,categorical__fips_27053,0
individuals,lightgbm_panel,categorical__fips_27055,0
individuals,lightgbm_panel,categorical__fips_27057,0
individuals,lightgbm_panel,categorical__fips_27059,0
individuals,lightgbm_panel,categorical__fips_27061,0
individuals,lightgbm_panel,categorical__fips_27063,0
individuals,lightgbm_panel,categorical__fips_27065,0
individuals,lightgbm_panel,categorical__fips_27067,0
individuals,lightgbm_panel,categorical__fips_27069,0
individuals,lightgbm_panel,categorical__fips_27071,0
individuals,lightgbm_panel,categorical__fips_27073,0
individuals,lightgbm_panel,categorical__fips_27075,0
individuals,lightgbm_panel,categorical__fips_27077,0
individuals,lightgbm_panel,categorical__fips_27079,0
individuals,lightgbm_panel,categorical__fips_27081,0
individuals,lightgbm_panel,categorical__fips_27083,0
individuals,lightgbm_panel,categorical__fips_27085,0
individuals,lightgbm_panel,categorical__fips_27087,0
individuals,lightgbm_panel,categorical__fips_27089,0
individuals,lightgbm_panel,categorical__fips_27091,0
individuals,lightgbm_panel,categorical__fips_27093,0
individuals,lightgbm_panel,categorical__fips_27095,0
individuals,lightgbm_panel,categorical__fips_27097,0
individuals,lightgbm_panel,categorical__fips_27099,0
individuals,lightgbm_panel,categorical__fips_27101,0
individuals,lightgbm_panel,categorical__fips_27103,0
individuals,lightgbm_panel,categorical__fips_27105,0
individuals,lightgbm_panel,categorical__fips_27107,0
individuals,lightgbm_panel,categorical__fips_27109,0
individuals,lightgbm_panel,categorical__fips_27111,0
individuals,lightgbm_panel,categorical__fips_27113,0
individuals,lightgbm_panel,categorical__fips_27115,0
individuals,lightgbm_panel,categorical__fips_27117,0
individuals,lightgbm_panel,categorical__fips_27119,0
individuals,lightgbm_panel,categorical__fips_27121,0
individuals,lightgbm_panel,categorical__fips_27123,0
individuals,lightgbm_panel,categorical__fips_27125,0
individuals,lightgbm_panel,categorical__fips_27127,0
individuals,lightgbm_panel,categorical__fips_27129,0
individuals,lightgbm_panel,categorical__fips_27131,0
individuals,lightgbm_panel,categorical__fips_27133,0
individuals,lightgbm_panel,categorical__fips_27135,0
individuals,lightgbm_panel,categorical__fips_27137,0
individuals,lightgbm_panel,categorical__fips_27139,0
individuals,lightgbm_panel,categorical__fips_27141,0
individuals,lightgbm_panel,categorical__fips_27143,0
individuals,lightgbm_panel,categorical__fips_27145,0
individuals,lightgbm_panel,categorical__fips_27147,0
individuals,lightgbm_panel,categorical__fips_27149,0
individuals,lightgbm_panel,categorical__fips_27151,0
individuals,lightgbm_panel,categorical__fips_27153,0
individuals,lightgbm_panel,categorical__fips_27155,0
individuals,lightgbm_panel,categorical__fips_27157,0
individuals,lightgbm_panel,categorical__fips_27159,0
individuals,lightgbm_panel,categorical__fips_27161,0
individuals,lightgbm_panel,categorical__fips_27163,0
individuals,lightgbm_panel,categorical__fips_27165,0
individuals,lightgbm_panel,categorical__fips_27169,0
individuals,lightgbm_panel,categorical__fips_27171,0
individuals,lightgbm_panel,categorical__fips_27173,0
individuals,lightgbm_panel,categorical__month_cat_1,0
individuals,lightgbm_panel,categorical__month_cat_3,0
individuals,lightgbm_panel,categorical__month_cat_5,0
individuals,lightgbm_panel,categorical__month_cat_9,0
individuals,lightgbm_panel_snap_sensitivity,numeric__individuals_lag_1,315
individuals,lightgbm_panel_snap_sensitivity,numeric__individuals_rolling_mean_3,145
individuals,lightgbm_panel_snap_sensitivity,numeric__visits_lag_1,126
individuals,lightgbm_panel_snap_sensitivity,numeric__individuals_state_share_lag_1,117
individuals,lightgbm_panel_snap_sensitivity,categorical__month_cat_2,111
individuals,lightgbm_panel_snap_sensitivity,numeric__month_cos,102
individuals,lightgbm_panel_snap_sensitivity,numeric__snap_people_yoy,101
individuals,lightgbm_panel_snap_sensitivity,numeric__individuals_historical_month_ratio,97
individuals,lightgbm_panel_snap_sensitivity,numeric__individuals_rolling_mean_6,67
individuals,lightgbm_panel_snap_sensitivity,numeric__individuals_rolling_median_3,64
individuals,lightgbm_panel_snap_sensitivity,numeric__individuals_lag_2,59
individuals,lightgbm_panel_snap_sensitivity,numeric__individuals_lag_6,57
individuals,lightgbm_panel_snap_sensitivity,numeric__pounds_lag_1,53
individuals,lightgbm_panel_snap_sensitivity,categorical__month_cat_10,52
individuals,lightgbm_panel_snap_sensitivity,numeric__individuals_rolling_mean_12,50
individuals,lightgbm_panel_snap_sensitivity,numeric__time_index,50
individuals,lightgbm_panel_snap_sensitivity,numeric__snap_people,50
individuals,lightgbm_panel_snap_sensitivity,numeric__snap_people_per_case,46
individuals,lightgbm_panel_snap_sensitivity,numeric__individuals_lag_12,45
individuals,lightgbm_panel_snap_sensitivity,numeric__snap_expenditure,44
individuals,lightgbm_panel_snap_sensitivity,numeric__pounds_lag_12,41
individuals,lightgbm_panel_snap_sensitivity,numeric__visits_lag_12,36
individuals,lightgbm_panel_snap_sensitivity,numeric__snap_cases_yoy,34
individuals,lightgbm_panel_snap_sensitivity,numeric__individuals_yoy_growth,33
individuals,lightgbm_panel_snap_sensitivity,numeric__individuals_per_visit_lag_1,33
individuals,lightgbm_panel_snap_sensitivity,numeric__individuals_lag_3,32
individuals,lightgbm_panel_snap_sensitivity,numeric__individuals_ytd_growth,30
individuals,lightgbm_panel_snap_sensitivity,numeric__pounds_per_visit_lag_1,27
individuals,lightgbm_panel_snap_sensitivity,categorical__month_cat_4,17
individuals,lightgbm_panel_snap_sensitivity,numeric__month_sin,15
individuals,lightgbm_panel_snap_sensitivity,categorical__month_cat_12,14
individuals,lightgbm_panel_snap_sensitivity,numeric__snap_expenditure_yoy,13
individuals,lightgbm_panel_snap_sensitivity,numeric__snap_cases,8
individuals,lightgbm_panel_snap_sensitivity,categorical__month_cat_11,8
individuals,lightgbm_panel_snap_sensitivity,numeric__n_sites_lag_1,7
individuals,lightgbm_panel_snap_sensitivity,numeric__n_sites_reported_lag_1,7
individuals,lightgbm_panel_snap_sensitivity,categorical__month_cat_9,3
individuals,lightgbm_panel_snap_sensitivity,categorical__month_cat_1,2
individuals,lightgbm_panel_snap_sensitivity,numeric__n_sites_missing_lag_1,0
individuals,lightgbm_panel_snap_sensitivity,numeric__reporting_rate_lag_1,0
individuals,lightgbm_panel_snap_sensitivity,numeric__months_since_snap_observation,0
individuals,lightgbm_panel_snap_sensitivity,categorical__fips_27001,0
individuals,lightgbm_panel_snap_sensitivity,categorical__fips_27003,0
individuals,lightgbm_panel_snap_sensitivity,categorical__fips_27005,0
individuals,lightgbm_panel_snap_sensitivity,categorical__fips_27007,0
individuals,lightgbm_panel_snap_sensitivity,categorical__fips_27009,0
individuals,lightgbm_panel_snap_sensitivity,categorical__fips_27011,0
individuals,lightgbm_panel_snap_sensitivity,categorical__fips_27013,0
individuals,lightgbm_panel_snap_sensitivity,categorical__fips_27015,0
individuals,lightgbm_panel_snap_sensitivity,categorical__fips_27017,0
individuals,lightgbm_panel_snap_sensitivity,categorical__fips_27019,0
individuals,lightgbm_panel_snap_sensitivity,categorical__fips_27021,0
individuals,lightgbm_panel_snap_sensitivity,categorical__fips_27023,0
individuals,lightgbm_panel_snap_sensitivity,categorical__fips_27025,0
individuals,lightgbm_panel_snap_sensitivity,categorical__fips_27027,0
individuals,lightgbm_panel_snap_sensitivity,categorical__fips_27029,0
individuals,lightgbm_panel_snap_sensitivity,categorical__fips_27031,0
individuals,lightgbm_panel_snap_sensitivity,categorical__fips_27033,0
individuals,lightgbm_panel_snap_sensitivity,categorical__fips_27035,0
individuals,lightgbm_panel_snap_sensitivity,categorical__fips_27037,0
individuals,lightgbm_panel_snap_sensitivity,categorical__fips_27039,0
individuals,lightgbm_panel_snap_sensitivity,categorical__fips_27041,0
individuals,lightgbm_panel_snap_sensitivity,categorical__fips_27043,0
individuals,lightgbm_panel_snap_sensitivity,categorical__fips_27045,0
individuals,lightgbm_panel_snap_sensitivity,categorical__fips_27047,0
individuals,lightgbm_panel_snap_sensitivity,categorical__fips_27049,0
individuals,lightgbm_panel_snap_sensitivity,categorical__fips_27051,0
individuals,lightgbm_panel_snap_sensitivity,categorical__fips_27053,0
individuals,lightgbm_panel_snap_sensitivity,categorical__fips_27055,0
individuals,lightgbm_panel_snap_sensitivity,categorical__fips_27057,0
individuals,lightgbm_panel_snap_sensitivity,categorical__fips_27059,0
individuals,lightgbm_panel_snap_sensitivity,categorical__fips_27061,0
individuals,lightgbm_panel_snap_sensitivity,categorical__fips_27063,0
individuals,lightgbm_panel_snap_sensitivity,categorical__fips_27065,0
individuals,lightgbm_panel_snap_sensitivity,categorical__fips_27067,0
individuals,lightgbm_panel_snap_sensitivity,categorical__fips_27069,0
individuals,lightgbm_panel_snap_sensitivity,categorical__fips_27071,0
individuals,lightgbm_panel_snap_sensitivity,categorical__fips_27073,0
individuals,lightgbm_panel_snap_sensitivity,categorical__fips_27075,0
individuals,lightgbm_panel_snap_sensitivity,categorical__fips_27077,0
individuals,lightgbm_panel_snap_sensitivity,categorical__fips_27079,0
individuals,lightgbm_panel_snap_sensitivity,categorical__fips_27081,0
individuals,lightgbm_panel_snap_sensitivity,categorical__fips_27083,0
individuals,lightgbm_panel_snap_sensitivity,categorical__fips_27085,0
individuals,lightgbm_panel_snap_sensitivity,categorical__fips_27087,0
individuals,lightgbm_panel_snap_sensitivity,categorical__fips_27089,0
individuals,lightgbm_panel_snap_sensitivity,categorical__fips_27091,0
individuals,lightgbm_panel_snap_sensitivity,categorical__fips_27093,0
individuals,lightgbm_panel_snap_sensitivity,categorical__fips_27095,0
individuals,lightgbm_panel_snap_sensitivity,categorical__fips_27097,0
individuals,lightgbm_panel_snap_sensitivity,categorical__fips_27099,0
individuals,lightgbm_panel_snap_sensitivity,categorical__fips_27101,0
individuals,lightgbm_panel_snap_sensitivity,categorical__fips_27103,0
individuals,lightgbm_panel_snap_sensitivity,categorical__fips_27105,0
individuals,lightgbm_panel_snap_sensitivity,categorical__fips_27107,0
individuals,lightgbm_panel_snap_sensitivity,categorical__fips_27109,0
individuals,lightgbm_panel_snap_sensitivity,categorical__fips_27111,0
individuals,lightgbm_panel_snap_sensitivity,categorical__fips_27113,0
individuals,lightgbm_panel_snap_sensitivity,categorical__fips_27115,0
individuals,lightgbm_panel_snap_sensitivity,categorical__fips_27117,0
individuals,lightgbm_panel_snap_sensitivity,categorical__fips_27119,0
individuals,lightgbm_panel_snap_sensitivity,categorical__fips_27121,0
individuals,lightgbm_panel_snap_sensitivity,categorical__fips_27123,0
individuals,lightgbm_panel_snap_sensitivity,categorical__fips_27125,0
individuals,lightgbm_panel_snap_sensitivity,categorical__fips_27127,0
individuals,lightgbm_panel_snap_sensitivity,categorical__fips_27129,0
individuals,lightgbm_panel_snap_sensitivity,categorical__fips_27131,0
individuals,lightgbm_panel_snap_sensitivity,categorical__fips_27133,0
individuals,lightgbm_panel_snap_sensitivity,categorical__fips_27135,0
individuals,lightgbm_panel_snap_sensitivity,categorical__fips_27137,0
individuals,lightgbm_panel_snap_sensitivity,categorical__fips_27139,0
individuals,lightgbm_panel_snap_sensitivity,categorical__fips_27141,0
individuals,lightgbm_panel_snap_sensitivity,categorical__fips_27143,0
individuals,lightgbm_panel_snap_sensitivity,categorical__fips_27145,0
individuals,lightgbm_panel_snap_sensitivity,categorical__fips_27147,0
individuals,lightgbm_panel_snap_sensitivity,categorical__fips_27149,0
individuals,lightgbm_panel_snap_sensitivity,categorical__fips_27151,0
individuals,lightgbm_panel_snap_sensitivity,categorical__fips_27153,0
individuals,lightgbm_panel_snap_sensitivity,categorical__fips_27155,0
individuals,lightgbm_panel_snap_sensitivity,categorical__fips_27157,0
individuals,lightgbm_panel_snap_sensitivity,categorical__fips_27159,0
individuals,lightgbm_panel_snap_sensitivity,categorical__fips_27161,0
individuals,lightgbm_panel_snap_sensitivity,categorical__fips_27163,0
individuals,lightgbm_panel_snap_sensitivity,categorical__fips_27165,0
individuals,lightgbm_panel_snap_sensitivity,categorical__fips_27169,0
individuals,lightgbm_panel_snap_sensitivity,categorical__fips_27171,0
individuals,lightgbm_panel_snap_sensitivity,categorical__fips_27173,0
individuals,lightgbm_panel_snap_sensitivity,categorical__month_cat_3,0
individuals,lightgbm_panel_snap_sensitivity,categorical__month_cat_5,0
individuals,lightgbm_panel_snap_sensitivity,categorical__month_cat_6,0
individuals,lightgbm_panel_snap_sensitivity,categorical__month_cat_7,0
individuals,lightgbm_panel_snap_sensitivity,categorical__month_cat_8,0
pounds,lightgbm_panel,numeric__pounds_lag_1,233
pounds,lightgbm_panel,numeric__pounds_state_share_lag_1,208
pounds,lightgbm_panel,numeric__time_index,142
pounds,lightgbm_panel,numeric__pounds_rolling_mean_3,128
pounds,lightgbm_panel,numeric__pounds_rolling_mean_6,127
pounds,lightgbm_panel,categorical__month_cat_2,124
pounds,lightgbm_panel,numeric__month_sin,116
pounds,lightgbm_panel,numeric__visits_lag_1,108
pounds,lightgbm_panel,numeric__pounds_rolling_median_3,106
pounds,lightgbm_panel,numeric__pounds_lag_12,99
pounds,lightgbm_panel,numeric__pounds_historical_month_ratio,98
pounds,lightgbm_panel,numeric__individuals_lag_1,88
pounds,lightgbm_panel,numeric__pounds_lag_2,62
pounds,lightgbm_panel,numeric__pounds_lag_6,56
pounds,lightgbm_panel,numeric__pounds_rolling_mean_12,47
pounds,lightgbm_panel,numeric__month_cos,44
pounds,lightgbm_panel,numeric__individuals_per_visit_lag_1,36
pounds,lightgbm_panel,numeric__pounds_lag_3,35
pounds,lightgbm_panel,numeric__pounds_yoy_growth,29
pounds,lightgbm_panel,numeric__n_sites_reported_lag_1,28
pounds,lightgbm_panel,categorical__month_cat_10,26
pounds,lightgbm_panel,numeric__n_sites_lag_1,24
pounds,lightgbm_panel,numeric__pounds_per_visit_lag_1,22
pounds,lightgbm_panel,numeric__pounds_ytd_growth,20
pounds,lightgbm_panel,numeric__visits_lag_12,17
pounds,lightgbm_panel,categorical__month_cat_11,17
pounds,lightgbm_panel,numeric__individuals_lag_12,7
pounds,lightgbm_panel,numeric__reporting_rate_lag_1,3
pounds,lightgbm_panel,categorical__month_cat_1,3
pounds,lightgbm_panel,categorical__month_cat_7,3
pounds,lightgbm_panel,categorical__month_cat_5,2
pounds,lightgbm_panel,numeric__n_sites_missing_lag_1,1
pounds,lightgbm_panel,categorical__month_cat_12,1
pounds,lightgbm_panel,categorical__month_cat_4,1
pounds,lightgbm_panel,categorical__month_cat_9,1
pounds,lightgbm_panel,categorical__fips_27001,0
pounds,lightgbm_panel,categorical__fips_27003,0
pounds,lightgbm_panel,categorical__fips_27005,0
pounds,lightgbm_panel,categorical__fips_27007,0
pounds,lightgbm_panel,categorical__fips_27009,0
pounds,lightgbm_panel,categorical__fips_27011,0
pounds,lightgbm_panel,categorical__fips_27013,0
pounds,lightgbm_panel,categorical__fips_27015,0
pounds,lightgbm_panel,categorical__fips_27017,0
pounds,lightgbm_panel,categorical__fips_27019,0
pounds,lightgbm_panel,categorical__fips_27021,0
pounds,lightgbm_panel,categorical__fips_27023,0
pounds,lightgbm_panel,categorical__fips_27025,0
pounds,lightgbm_panel,categorical__fips_27027,0
pounds,lightgbm_panel,categorical__fips_27029,0
pounds,lightgbm_panel,categorical__fips_27031,0
pounds,lightgbm_panel,categorical__fips_27033,0
pounds,lightgbm_panel,categorical__fips_27035,0
pounds,lightgbm_panel,categorical__fips_27037,0
pounds,lightgbm_panel,categorical__fips_27039,0
pounds,lightgbm_panel,categorical__fips_27041,0
pounds,lightgbm_panel,categorical__fips_27043,0
pounds,lightgbm_panel,categorical__fips_27045,0
pounds,lightgbm_panel,categorical__fips_27047,0
pounds,lightgbm_panel,categorical__fips_27049,0
pounds,lightgbm_panel,categorical__fips_27051,0
pounds,lightgbm_panel,categorical__fips_27053,0
pounds,lightgbm_panel,categorical__fips_27055,0
pounds,lightgbm_panel,categorical__fips_27057,0
pounds,lightgbm_panel,categorical__fips_27059,0
pounds,lightgbm_panel,categorical__fips_27061,0
pounds,lightgbm_panel,categorical__fips_27063,0
pounds,lightgbm_panel,categorical__fips_27065,0
pounds,lightgbm_panel,categorical__fips_27067,0
pounds,lightgbm_panel,categorical__fips_27069,0
pounds,lightgbm_panel,categorical__fips_27071,0
pounds,lightgbm_panel,categorical__fips_27073,0
pounds,lightgbm_panel,categorical__fips_27075,0
pounds,lightgbm_panel,categorical__fips_27077,0
pounds,lightgbm_panel,categorical__fips_27079,0
pounds,lightgbm_panel,categorical__fips_27081,0
pounds,lightgbm_panel,categorical__fips_27083,0
pounds,lightgbm_panel,categorical__fips_27085,0
pounds,lightgbm_panel,categorical__fips_27087,0
pounds,lightgbm_panel,categorical__fips_27089,0
pounds,lightgbm_panel,categorical__fips_27091,0
pounds,lightgbm_panel,categorical__fips_27093,0
pounds,lightgbm_panel,categorical__fips_27095,0
pounds,lightgbm_panel,categorical__fips_27097,0
pounds,lightgbm_panel,categorical__fips_27099,0
pounds,lightgbm_panel,categorical__fips_27101,0
pounds,lightgbm_panel,categorical__fips_27103,0
pounds,lightgbm_panel,categorical__fips_27105,0
pounds,lightgbm_panel,categorical__fips_27107,0
pounds,lightgbm_panel,categorical__fips_27109,0
pounds,lightgbm_panel,categorical__fips_27111,0
pounds,lightgbm_panel,categorical__fips_27113,0
pounds,lightgbm_panel,categorical__fips_27115,0
pounds,lightgbm_panel,categorical__fips_27117,0
pounds,lightgbm_panel,categorical__fips_27119,0
pounds,lightgbm_panel,categorical__fips_27121,0
pounds,lightgbm_panel,categorical__fips_27123,0
pounds,lightgbm_panel,categorical__fips_27125,0
pounds,lightgbm_panel,categorical__fips_27127,0
pounds,lightgbm_panel,categorical__fips_27129,0
pounds,lightgbm_panel,categorical__fips_27131,0
pounds,lightgbm_panel,categorical__fips_27133,0
pounds,lightgbm_panel,categorical__fips_27135,0
pounds,lightgbm_panel,categorical__fips_27137,0
pounds,lightgbm_panel,categorical__fips_27139,0
pounds,lightgbm_panel,categorical__fips_27141,0
pounds,lightgbm_panel,categorical__fips_27143,0
pounds,lightgbm_panel,categorical__fips_27145,0
pounds,lightgbm_panel,categorical__fips_27147,0
pounds,lightgbm_panel,categorical__fips_27149,0
pounds,lightgbm_panel,categorical__fips_27151,0
pounds,lightgbm_panel,categorical__fips_27153,0
pounds,lightgbm_panel,categorical__fips_27155,0
pounds,lightgbm_panel,categorical__fips_27157,0
pounds,lightgbm_panel,categorical__fips_27159,0
pounds,lightgbm_panel,categorical__fips_27161,0
pounds,lightgbm_panel,categorical__fips_27163,0
pounds,lightgbm_panel,categorical__fips_27165,0
pounds,lightgbm_panel,categorical__fips_27169,0
pounds,lightgbm_panel,categorical__fips_27171,0
pounds,lightgbm_panel,categorical__fips_27173,0
pounds,lightgbm_panel,categorical__month_cat_3,0
pounds,lightgbm_panel,categorical__month_cat_6,0
pounds,lightgbm_panel,categorical__month_cat_8,0
pounds,lightgbm_panel_snap_sensitivity,numeric__pounds_lag_1,233
pounds,lightgbm_panel_snap_sensitivity,numeric__pounds_state_share_lag_1,192
pounds,lightgbm_panel_snap_sensitivity,numeric__pounds_rolling_mean_3,127
pounds,lightgbm_panel_snap_sensitivity,numeric__visits_lag_1,109
pounds,lightgbm_panel_snap_sensitivity,categorical__month_cat_2,107
pounds,lightgbm_panel_snap_sensitivity,numeric__pounds_rolling_mean_6,103
pounds,lightgbm_panel_snap_sensitivity,numeric__pounds_historical_month_ratio,96
pounds,lightgbm_panel_snap_sensitivity,numeric__month_sin,95
pounds,lightgbm_panel_snap_sensitivity,numeric__snap_people_yoy,95
pounds,lightgbm_panel_snap_sensitivity,numeric__pounds_lag_12,94
pounds,lightgbm_panel_snap_sensitivity,numeric__pounds_rolling_median_3,81
pounds,lightgbm_panel_snap_sensitivity,numeric__pounds_lag_6,68
pounds,lightgbm_panel_snap_sensitivity,numeric__pounds_lag_2,62
pounds,lightgbm_panel_snap_sensitivity,numeric__individuals_lag_1,56
pounds,lightgbm_panel_snap_sensitivity,numeric__time_index,53
pounds,lightgbm_panel_snap_sensitivity,numeric__snap_expenditure,53
pounds,lightgbm_panel_snap_sensitivity,numeric__pounds_rolling_mean_12,40
pounds,lightgbm_panel_snap_sensitivity,numeric__snap_people_per_case,40
pounds,lightgbm_panel_snap_sensitivity,numeric__individuals_per_visit_lag_1,36
pounds,lightgbm_panel_snap_sensitivity,numeric__pounds_lag_3,30
pounds,lightgbm_panel_snap_sensitivity,numeric__pounds_yoy_growth,28
pounds,lightgbm_panel_snap_sensitivity,numeric__n_sites_reported_lag_1,28
pounds,lightgbm_panel_snap_sensitivity,numeric__pounds_per_visit_lag_1,26
pounds,lightgbm_panel_snap_sensitivity,numeric__month_cos,25
pounds,lightgbm_panel_snap_sensitivity,numeric__n_sites_lag_1,24
pounds,lightgbm_panel_snap_sensitivity,numeric__snap_cases,24
pounds,lightgbm_panel_snap_sensitivity,numeric__snap_people,21
pounds,lightgbm_panel_snap_sensitivity,categorical__month_cat_11,18
pounds,lightgbm_panel_snap_sensitivity,categorical__month_cat_10,14
pounds,lightgbm_panel_snap_sensitivity,numeric__snap_cases_yoy,13
pounds,lightgbm_panel_snap_sensitivity,numeric__pounds_ytd_growth,12
pounds,lightgbm_panel_snap_sensitivity,numeric__reporting_rate_lag_1,12
pounds,lightgbm_panel_snap_sensitivity,numeric__visits_lag_12,11
pounds,lightgbm_panel_snap_sensitivity,numeric__individuals_lag_12,10
pounds,lightgbm_panel_snap_sensitivity,numeric__snap_expenditure_yoy,6
pounds,lightgbm_panel_snap_sensitivity,categorical__month_cat_7,5
pounds,lightgbm_panel_snap_sensitivity,categorical__month_cat_9,2
pounds,lightgbm_panel_snap_sensitivity,numeric__n_sites_missing_lag_1,1
pounds,lightgbm_panel_snap_sensitivity,numeric__months_since_snap_observation,0
pounds,lightgbm_panel_snap_sensitivity,categorical__fips_27001,0
pounds,lightgbm_panel_snap_sensitivity,categorical__fips_27003,0
pounds,lightgbm_panel_snap_sensitivity,categorical__fips_27005,0
pounds,lightgbm_panel_snap_sensitivity,categorical__fips_27007,0
pounds,lightgbm_panel_snap_sensitivity,categorical__fips_27009,0
pounds,lightgbm_panel_snap_sensitivity,categorical__fips_27011,0
pounds,lightgbm_panel_snap_sensitivity,categorical__fips_27013,0
pounds,lightgbm_panel_snap_sensitivity,categorical__fips_27015,0
pounds,lightgbm_panel_snap_sensitivity,categorical__fips_27017,0
pounds,lightgbm_panel_snap_sensitivity,categorical__fips_27019,0
pounds,lightgbm_panel_snap_sensitivity,categorical__fips_27021,0
pounds,lightgbm_panel_snap_sensitivity,categorical__fips_27023,0
pounds,lightgbm_panel_snap_sensitivity,categorical__fips_27025,0
pounds,lightgbm_panel_snap_sensitivity,categorical__fips_27027,0
pounds,lightgbm_panel_snap_sensitivity,categorical__fips_27029,0
pounds,lightgbm_panel_snap_sensitivity,categorical__fips_27031,0
pounds,lightgbm_panel_snap_sensitivity,categorical__fips_27033,0
pounds,lightgbm_panel_snap_sensitivity,categorical__fips_27035,0
pounds,lightgbm_panel_snap_sensitivity,categorical__fips_27037,0
pounds,lightgbm_panel_snap_sensitivity,categorical__fips_27039,0
pounds,lightgbm_panel_snap_sensitivity,categorical__fips_27041,0
pounds,lightgbm_panel_snap_sensitivity,categorical__fips_27043,0
pounds,lightgbm_panel_snap_sensitivity,categorical__fips_27045,0
pounds,lightgbm_panel_snap_sensitivity,categorical__fips_27047,0
pounds,lightgbm_panel_snap_sensitivity,categorical__fips_27049,0
pounds,lightgbm_panel_snap_sensitivity,categorical__fips_27051,0
pounds,lightgbm_panel_snap_sensitivity,categorical__fips_27053,0
pounds,lightgbm_panel_snap_sensitivity,categorical__fips_27055,0
pounds,lightgbm_panel_snap_sensitivity,categorical__fips_27057,0
pounds,lightgbm_panel_snap_sensitivity,categorical__fips_27059,0
pounds,lightgbm_panel_snap_sensitivity,categorical__fips_27061,0
pounds,lightgbm_panel_snap_sensitivity,categorical__fips_27063,0
pounds,lightgbm_panel_snap_sensitivity,categorical__fips_27065,0
pounds,lightgbm_panel_snap_sensitivity,categorical__fips_27067,0
pounds,lightgbm_panel_snap_sensitivity,categorical__fips_27069,0
pounds,lightgbm_panel_snap_sensitivity,categorical__fips_27071,0
pounds,lightgbm_panel_snap_sensitivity,categorical__fips_27073,0
pounds,lightgbm_panel_snap_sensitivity,categorical__fips_27075,0
pounds,lightgbm_panel_snap_sensitivity,categorical__fips_27077,0
pounds,lightgbm_panel_snap_sensitivity,categorical__fips_27079,0
pounds,lightgbm_panel_snap_sensitivity,categorical__fips_27081,0
pounds,lightgbm_panel_snap_sensitivity,categorical__fips_27083,0
pounds,lightgbm_panel_snap_sensitivity,categorical__fips_27085,0
pounds,lightgbm_panel_snap_sensitivity,categorical__fips_27087,0
pounds,lightgbm_panel_snap_sensitivity,categorical__fips_27089,0
pounds,lightgbm_panel_snap_sensitivity,categorical__fips_27091,0
pounds,lightgbm_panel_snap_sensitivity,categorical__fips_27093,0
pounds,lightgbm_panel_snap_sensitivity,categorical__fips_27095,0
pounds,lightgbm_panel_snap_sensitivity,categorical__fips_27097,0
pounds,lightgbm_panel_snap_sensitivity,categorical__fips_27099,0
pounds,lightgbm_panel_snap_sensitivity,categorical__fips_27101,0
pounds,lightgbm_panel_snap_sensitivity,categorical__fips_27103,0
pounds,lightgbm_panel_snap_sensitivity,categorical__fips_27105,0
pounds,lightgbm_panel_snap_sensitivity,categorical__fips_27107,0
pounds,lightgbm_panel_snap_sensitivity,categorical__fips_27109,0
pounds,lightgbm_panel_snap_sensitivity,categorical__fips_27111,0
pounds,lightgbm_panel_snap_sensitivity,categorical__fips_27113,0
pounds,lightgbm_panel_snap_sensitivity,categorical__fips_27115,0
pounds,lightgbm_panel_snap_sensitivity,categorical__fips_27117,0
pounds,lightgbm_panel_snap_sensitivity,categorical__fips_27119,0
pounds,lightgbm_panel_snap_sensitivity,categorical__fips_27121,0
pounds,lightgbm_panel_snap_sensitivity,categorical__fips_27123,0
pounds,lightgbm_panel_snap_sensitivity,categorical__fips_27125,0
pounds,lightgbm_panel_snap_sensitivity,categorical__fips_27127,0
pounds,lightgbm_panel_snap_sensitivity,categorical__fips_27129,0
pounds,lightgbm_panel_snap_sensitivity,categorical__fips_27131,0
pounds,lightgbm_panel_snap_sensitivity,categorical__fips_27133,0
pounds,lightgbm_panel_snap_sensitivity,categorical__fips_27135,0
pounds,lightgbm_panel_snap_sensitivity,categorical__fips_27137,0
pounds,lightgbm_panel_snap_sensitivity,categorical__fips_27139,0
pounds,lightgbm_panel_snap_sensitivity,categorical__fips_27141,0
pounds,lightgbm_panel_snap_sensitivity,categorical__fips_27143,0
pounds,lightgbm_panel_snap_sensitivity,categorical__fips_27145,0
pounds,lightgbm_panel_snap_sensitivity,categorical__fips_27147,0
pounds,lightgbm_panel_snap_sensitivity,categorical__fips_27149,0
pounds,lightgbm_panel_snap_sensitivity,categorical__fips_27151,0
pounds,lightgbm_panel_snap_sensitivity,categorical__fips_27153,0
pounds,lightgbm_panel_snap_sensitivity,categorical__fips_27155,0
pounds,lightgbm_panel_snap_sensitivity,categorical__fips_27157,0
pounds,lightgbm_panel_snap_sensitivity,categorical__fips_27159,0
pounds,lightgbm_panel_snap_sensitivity,categorical__fips_27161,0
pounds,lightgbm_panel_snap_sensitivity,categorical__fips_27163,0
pounds,lightgbm_panel_snap_sensitivity,categorical__fips_27165,0
pounds,lightgbm_panel_snap_sensitivity,categorical__fips_27169,0
pounds,lightgbm_panel_snap_sensitivity,categorical__fips_27171,0
pounds,lightgbm_panel_snap_sensitivity,categorical__fips_27173,0
pounds,lightgbm_panel_snap_sensitivity,categorical__month_cat_1,0
pounds,lightgbm_panel_snap_sensitivity,categorical__month_cat_12,0
pounds,lightgbm_panel_snap_sensitivity,categorical__month_cat_3,0
pounds,lightgbm_panel_snap_sensitivity,categorical__month_cat_4,0
pounds,lightgbm_panel_snap_sensitivity,categorical__month_cat_5,0
pounds,lightgbm_panel_snap_sensitivity,categorical__month_cat_6,0
pounds,lightgbm_panel_snap_sensitivity,categorical__month_cat_8,0
visits,lightgbm_panel,numeric__visits_lag_1,339
visits,lightgbm_panel,numeric__month_cos,158
visits,lightgbm_panel,numeric__visits_state_share_lag_1,137
visits,lightgbm_panel,numeric__individuals_lag_1,135
visits,lightgbm_panel,numeric__visits_rolling_mean_3,130
visits,lightgbm_panel,numeric__visits_rolling_median_3,114
visits,lightgbm_panel,numeric__time_index,106
visits,lightgbm_panel,categorical__month_cat_2,94
visits,lightgbm_panel,numeric__visits_rolling_mean_6,90
visits,lightgbm_panel,numeric__visits_historical_month_ratio,67
visits,lightgbm_panel,numeric__visits_rolling_mean_12,59
visits,lightgbm_panel,numeric__pounds_lag_1,57
visits,lightgbm_panel,numeric__visits_lag_12,48
visits,lightgbm_panel,numeric__visits_ytd_growth,48
visits,lightgbm_panel,numeric__visits_yoy_growth,47
visits,lightgbm_panel,numeric__visits_lag_6,43
visits,lightgbm_panel,numeric__individuals_per_visit_lag_1,43
visits,lightgbm_panel,numeric__visits_lag_2,42
visits,lightgbm_panel,categorical__month_cat_10,41
visits,lightgbm_panel,numeric__pounds_lag_12,39
visits,lightgbm_panel,numeric__visits_lag_3,36
visits,lightgbm_panel,numeric__month_sin,25
visits,lightgbm_panel,numeric__individuals_lag_12,20
visits,lightgbm_panel,categorical__month_cat_4,17
visits,lightgbm_panel,numeric__n_sites_lag_1,14
visits,lightgbm_panel,numeric__n_sites_reported_lag_1,14
visits,lightgbm_panel,categorical__month_cat_12,14
visits,lightgbm_panel,numeric__pounds_per_visit_lag_1,12
visits,lightgbm_panel,categorical__month_cat_11,7
visits,lightgbm_panel,numeric__n_sites_missing_lag_1,6
visits,lightgbm_panel,categorical__month_cat_5,4
visits,lightgbm_panel,categorical__month_cat_9,2
visits,lightgbm_panel,numeric__reporting_rate_lag_1,1
visits,lightgbm_panel,categorical__month_cat_7,1
visits,lightgbm_panel,categorical__fips_27001,0
visits,lightgbm_panel,categorical__fips_27003,0
visits,lightgbm_panel,categorical__fips_27005,0
visits,lightgbm_panel,categorical__fips_27007,0
visits,lightgbm_panel,categorical__fips_27009,0
visits,lightgbm_panel,categorical__fips_27011,0
visits,lightgbm_panel,categorical__fips_27013,0
visits,lightgbm_panel,categorical__fips_27015,0
visits,lightgbm_panel,categorical__fips_27017,0
visits,lightgbm_panel,categorical__fips_27019,0
visits,lightgbm_panel,categorical__fips_27021,0
visits,lightgbm_panel,categorical__fips_27023,0
visits,lightgbm_panel,categorical__fips_27025,0
visits,lightgbm_panel,categorical__fips_27027,0
visits,lightgbm_panel,categorical__fips_27029,0
visits,lightgbm_panel,categorical__fips_27031,0
visits,lightgbm_panel,categorical__fips_27033,0
visits,lightgbm_panel,categorical__fips_27035,0
visits,lightgbm_panel,categorical__fips_27037,0
visits,lightgbm_panel,categorical__fips_27039,0
visits,lightgbm_panel,categorical__fips_27041,0
visits,lightgbm_panel,categorical__fips_27043,0
visits,lightgbm_panel,categorical__fips_27045,0
visits,lightgbm_panel,categorical__fips_27047,0
visits,lightgbm_panel,categorical__fips_27049,0
visits,lightgbm_panel,categorical__fips_27051,0
visits,lightgbm_panel,categorical__fips_27053,0
visits,lightgbm_panel,categorical__fips_27055,0
visits,lightgbm_panel,categorical__fips_27057,0
visits,lightgbm_panel,categorical__fips_27059,0
visits,lightgbm_panel,categorical__fips_27061,0
visits,lightgbm_panel,categorical__fips_27063,0
visits,lightgbm_panel,categorical__fips_27065,0
visits,lightgbm_panel,categorical__fips_27067,0
visits,lightgbm_panel,categorical__fips_27069,0
visits,lightgbm_panel,categorical__fips_27071,0
visits,lightgbm_panel,categorical__fips_27073,0
visits,lightgbm_panel,categorical__fips_27075,0
visits,lightgbm_panel,categorical__fips_27077,0
visits,lightgbm_panel,categorical__fips_27079,0
visits,lightgbm_panel,categorical__fips_27081,0
visits,lightgbm_panel,categorical__fips_27083,0
visits,lightgbm_panel,categorical__fips_27085,0
visits,lightgbm_panel,categorical__fips_27087,0
visits,lightgbm_panel,categorical__fips_27089,0
visits,lightgbm_panel,categorical__fips_27091,0
visits,lightgbm_panel,categorical__fips_27093,0
visits,lightgbm_panel,categorical__fips_27095,0
visits,lightgbm_panel,categorical__fips_27097,0
visits,lightgbm_panel,categorical__fips_27099,0
visits,lightgbm_panel,categorical__fips_27101,0
visits,lightgbm_panel,categorical__fips_27103,0
visits,lightgbm_panel,categorical__fips_27105,0
visits,lightgbm_panel,categorical__fips_27107,0
visits,lightgbm_panel,categorical__fips_27109,0
visits,lightgbm_panel,categorical__fips_27111,0
visits,lightgbm_panel,categorical__fips_27113,0
visits,lightgbm_panel,categorical__fips_27115,0
visits,lightgbm_panel,categorical__fips_27117,0
visits,lightgbm_panel,categorical__fips_27119,0
visits,lightgbm_panel,categorical__fips_27121,0
visits,lightgbm_panel,categorical__fips_27123,0
visits,lightgbm_panel,categorical__fips_27125,0
visits,lightgbm_panel,categorical__fips_27127,0
visits,lightgbm_panel,categorical__fips_27129,0
visits,lightgbm_panel,categorical__fips_27131,0
visits,lightgbm_panel,categorical__fips_27133,0
visits,lightgbm_panel,categorical__fips_27135,0
visits,lightgbm_panel,categorical__fips_27137,0
visits,lightgbm_panel,categorical__fips_27139,0
visits,lightgbm_panel,categorical__fips_27141,0
visits,lightgbm_panel,categorical__fips_27143,0
visits,lightgbm_panel,categorical__fips_27145,0
visits,lightgbm_panel,categorical__fips_27147,0
visits,lightgbm_panel,categorical__fips_27149,0
visits,lightgbm_panel,categorical__fips_27151,0
visits,lightgbm_panel,categorical__fips_27153,0
visits,lightgbm_panel,categorical__fips_27155,0
visits,lightgbm_panel,categorical__fips_27157,0
visits,lightgbm_panel,categorical__fips_27159,0
visits,lightgbm_panel,categorical__fips_27161,0
visits,lightgbm_panel,categorical__fips_27163,0
visits,lightgbm_panel,categorical__fips_27165,0
visits,lightgbm_panel,categorical__fips_27169,0
visits,lightgbm_panel,categorical__fips_27171,0
visits,lightgbm_panel,categorical__fips_27173,0
visits,lightgbm_panel,categorical__month_cat_1,0
visits,lightgbm_panel,categorical__month_cat_3,0
visits,lightgbm_panel,categorical__month_cat_6,0
visits,lightgbm_panel,categorical__month_cat_8,0
visits,lightgbm_panel_snap_sensitivity,numeric__visits_lag_1,339
visits,lightgbm_panel_snap_sensitivity,numeric__visits_state_share_lag_1,124
visits,lightgbm_panel_snap_sensitivity,numeric__snap_people_per_case,116
visits,lightgbm_panel_snap_sensitivity,numeric__individuals_lag_1,114
visits,lightgbm_panel_snap_sensitivity,numeric__visits_rolling_median_3,112
visits,lightgbm_panel_snap_sensitivity,numeric__visits_rolling_mean_3,109
visits,lightgbm_panel_snap_sensitivity,numeric__month_cos,102
visits,lightgbm_panel_snap_sensitivity,numeric__visits_rolling_mean_6,87
visits,lightgbm_panel_snap_sensitivity,categorical__month_cat_2,79
visits,lightgbm_panel_snap_sensitivity,numeric__pounds_lag_1,67
visits,lightgbm_panel_snap_sensitivity,numeric__snap_people_yoy,67
visits,lightgbm_panel_snap_sensitivity,numeric__visits_historical_month_ratio,65
visits,lightgbm_panel_snap_sensitivity,numeric__visits_rolling_mean_12,59
visits,lightgbm_panel_snap_sensitivity,numeric__time_index,53
visits,lightgbm_panel_snap_sensitivity,numeric__visits_yoy_growth,49
visits,lightgbm_panel_snap_sensitivity,categorical__month_cat_10,49
visits,lightgbm_panel_snap_sensitivity,numeric__visits_lag_2,47
visits,lightgbm_panel_snap_sensitivity,numeric__visits_lag_6,40
visits,lightgbm_panel_snap_sensitivity,numeric__snap_people,38
visits,lightgbm_panel_snap_sensitivity,numeric__pounds_per_visit_lag_1,32
visits,lightgbm_panel_snap_sensitivity,numeric__visits_lag_3,31
visits,lightgbm_panel_snap_sensitivity,numeric__pounds_lag_12,31
visits,lightgbm_panel_snap_sensitivity,numeric__visits_lag_12,28
visits,lightgbm_panel_snap_sensitivity,numeric__visits_ytd_growth,28
visits,lightgbm_panel_snap_sensitivity,numeric__snap_expenditure_yoy,22
visits,lightgbm_panel_snap_sensitivity,numeric__individuals_lag_12,19
visits,lightgbm_panel_snap_sensitivity,numeric__snap_cases,19
visits,lightgbm_panel_snap_sensitivity,categorical__month_cat_12,19
visits,lightgbm_panel_snap_sensitivity,numeric__snap_expenditure,17
visits,lightgbm_panel_snap_sensitivity,numeric__snap_cases_yoy,16
visits,lightgbm_panel_snap_sensitivity,numeric__month_sin,13
visits,lightgbm_panel_snap_sensitivity,numeric__n_sites_lag_1,12
visits,lightgbm_panel_snap_sensitivity,numeric__n_sites_reported_lag_1,11
visits,lightgbm_panel_snap_sensitivity,numeric__individuals_per_visit_lag_1,10
visits,lightgbm_panel_snap_sensitivity,categorical__month_cat_4,8
visits,lightgbm_panel_snap_sensitivity,categorical__month_cat_11,4
visits,lightgbm_panel_snap_sensitivity,categorical__month_cat_5,2
visits,lightgbm_panel_snap_sensitivity,categorical__month_cat_7,2
visits,lightgbm_panel_snap_sensitivity,categorical__month_cat_8,2
visits,lightgbm_panel_snap_sensitivity,categorical__month_cat_6,1
visits,lightgbm_panel_snap_sensitivity,numeric__n_sites_missing_lag_1,0
visits,lightgbm_panel_snap_sensitivity,numeric__reporting_rate_lag_1,0
visits,lightgbm_panel_snap_sensitivity,numeric__months_since_snap_observation,0
visits,lightgbm_panel_snap_sensitivity,categorical__fips_27001,0
visits,lightgbm_panel_snap_sensitivity,categorical__fips_27003,0
visits,lightgbm_panel_snap_sensitivity,categorical__fips_27005,0
visits,lightgbm_panel_snap_sensitivity,categorical__fips_27007,0
visits,lightgbm_panel_snap_sensitivity,categorical__fips_27009,0
visits,lightgbm_panel_snap_sensitivity,categorical__fips_27011,0
visits,lightgbm_panel_snap_sensitivity,categorical__fips_27013,0
visits,lightgbm_panel_snap_sensitivity,categorical__fips_27015,0
visits,lightgbm_panel_snap_sensitivity,categorical__fips_27017,0
visits,lightgbm_panel_snap_sensitivity,categorical__fips_27019,0
visits,lightgbm_panel_snap_sensitivity,categorical__fips_27021,0
visits,lightgbm_panel_snap_sensitivity,categorical__fips_27023,0
visits,lightgbm_panel_snap_sensitivity,categorical__fips_27025,0
visits,lightgbm_panel_snap_sensitivity,categorical__fips_27027,0
visits,lightgbm_panel_snap_sensitivity,categorical__fips_27029,0
visits,lightgbm_panel_snap_sensitivity,categorical__fips_27031,0
visits,lightgbm_panel_snap_sensitivity,categorical__fips_27033,0
visits,lightgbm_panel_snap_sensitivity,categorical__fips_27035,0
visits,lightgbm_panel_snap_sensitivity,categorical__fips_27037,0
visits,lightgbm_panel_snap_sensitivity,categorical__fips_27039,0
visits,lightgbm_panel_snap_sensitivity,categorical__fips_27041,0
visits,lightgbm_panel_snap_sensitivity,categorical__fips_27043,0
visits,lightgbm_panel_snap_sensitivity,categorical__fips_27045,0
visits,lightgbm_panel_snap_sensitivity,categorical__fips_27047,0
visits,lightgbm_panel_snap_sensitivity,categorical__fips_27049,0
visits,lightgbm_panel_snap_sensitivity,categorical__fips_27051,0
visits,lightgbm_panel_snap_sensitivity,categorical__fips_27053,0
visits,lightgbm_panel_snap_sensitivity,categorical__fips_27055,0
visits,lightgbm_panel_snap_sensitivity,categorical__fips_27057,0
visits,lightgbm_panel_snap_sensitivity,categorical__fips_27059,0
visits,lightgbm_panel_snap_sensitivity,categorical__fips_27061,0
visits,lightgbm_panel_snap_sensitivity,categorical__fips_27063,0
visits,lightgbm_panel_snap_sensitivity,categorical__fips_27065,0
visits,lightgbm_panel_snap_sensitivity,categorical__fips_27067,0
visits,lightgbm_panel_snap_sensitivity,categorical__fips_27069,0
visits,lightgbm_panel_snap_sensitivity,categorical__fips_27071,0
visits,lightgbm_panel_snap_sensitivity,categorical__fips_27073,0
visits,lightgbm_panel_snap_sensitivity,categorical__fips_27075,0
visits,lightgbm_panel_snap_sensitivity,categorical__fips_27077,0
visits,lightgbm_panel_snap_sensitivity,categorical__fips_27079,0
visits,lightgbm_panel_snap_sensitivity,categorical__fips_27081,0
visits,lightgbm_panel_snap_sensitivity,categorical__fips_27083,0
visits,lightgbm_panel_snap_sensitivity,categorical__fips_27085,0
visits,lightgbm_panel_snap_sensitivity,categorical__fips_27087,0
visits,lightgbm_panel_snap_sensitivity,categorical__fips_27089,0
visits,lightgbm_panel_snap_sensitivity,categorical__fips_27091,0
visits,lightgbm_panel_snap_sensitivity,categorical__fips_27093,0
visits,lightgbm_panel_snap_sensitivity,categorical__fips_27095,0
visits,lightgbm_panel_snap_sensitivity,categorical__fips_27097,0
visits,lightgbm_panel_snap_sensitivity,categorical__fips_27099,0
visits,lightgbm_panel_snap_sensitivity,categorical__fips_27101,0
visits,lightgbm_panel_snap_sensitivity,categorical__fips_27103,0
visits,lightgbm_panel_snap_sensitivity,categorical__fips_27105,0
visits,lightgbm_panel_snap_sensitivity,categorical__fips_27107,0
visits,lightgbm_panel_snap_sensitivity,categorical__fips_27109,0
visits,lightgbm_panel_snap_sensitivity,categorical__fips_27111,0
visits,lightgbm_panel_snap_sensitivity,categorical__fips_27113,0
visits,lightgbm_panel_snap_sensitivity,categorical__fips_27115,0
visits,lightgbm_panel_snap_sensitivity,categorical__fips_27117,0
visits,lightgbm_panel_snap_sensitivity,categorical__fips_27119,0
visits,lightgbm_panel_snap_sensitivity,categorical__fips_27121,0
visits,lightgbm_panel_snap_sensitivity,categorical__fips_27123,0
visits,lightgbm_panel_snap_sensitivity,categorical__fips_27125,0
visits,lightgbm_panel_snap_sensitivity,categorical__fips_27127,0
visits,lightgbm_panel_snap_sensitivity,categorical__fips_27129,0
visits,lightgbm_panel_snap_sensitivity,categorical__fips_27131,0
visits,lightgbm_panel_snap_sensitivity,categorical__fips_27133,0
visits,lightgbm_panel_snap_sensitivity,categorical__fips_27135,0
visits,lightgbm_panel_snap_sensitivity,categorical__fips_27137,0
visits,lightgbm_panel_snap_sensitivity,categorical__fips_27139,0
visits,lightgbm_panel_snap_sensitivity,categorical__fips_27141,0
visits,lightgbm_panel_snap_sensitivity,categorical__fips_27143,0
visits,lightgbm_panel_snap_sensitivity,categorical__fips_27145,0
visits,lightgbm_panel_snap_sensitivity,categorical__fips_27147,0
visits,lightgbm_panel_snap_sensitivity,categorical__fips_27149,0
visits,lightgbm_panel_snap_sensitivity,categorical__fips_27151,0
visits,lightgbm_panel_snap_sensitivity,categorical__fips_27153,0
visits,lightgbm_panel_snap_sensitivity,categorical__fips_27155,0
visits,lightgbm_panel_snap_sensitivity,categorical__fips_27157,0
visits,lightgbm_panel_snap_sensitivity,categorical__fips_27159,0
visits,lightgbm_panel_snap_sensitivity,categorical__fips_27161,0
visits,lightgbm_panel_snap_sensitivity,categorical__fips_27163,0
visits,lightgbm_panel_snap_sensitivity,categorical__fips_27165,0
visits,lightgbm_panel_snap_sensitivity,categorical__fips_27169,0
visits,lightgbm_panel_snap_sensitivity,categorical__fips_27171,0
visits,lightgbm_panel_snap_sensitivity,categorical__fips_27173,0
visits,lightgbm_panel_snap_sensitivity,categorical__month_cat_1,0
visits,lightgbm_panel_snap_sensitivity,categorical__month_cat_3,0
visits,lightgbm_panel_snap_sensitivity,categorical__month_cat_9,0
