metric,model,feature,coefficient,absolute_coefficient,selected_nonzero
individuals,elastic_net_panel,categorical__fips_27053,-2.960117755853645,2.960117755853645,True
individuals,elastic_net_panel,categorical__fips_27073,-2.2343669547030416,2.2343669547030416,True
individuals,elastic_net_panel,categorical__fips_27109,2.041409353700246,2.041409353700246,True
individuals,elastic_net_panel,categorical__fips_27107,-2.003214261111061,2.003214261111061,True
individuals,elastic_net_panel,categorical__fips_27163,1.8984711986741194,1.8984711986741194,True
individuals,elastic_net_panel,categorical__fips_27003,1.8883999366188817,1.8883999366188817,True
individuals,elastic_net_panel,categorical__fips_27081,-1.837771236689496,1.837771236689496,True
individuals,elastic_net_panel,categorical__fips_27155,-1.8315417213081122,1.8315417213081122,True
individuals,elastic_net_panel,categorical__fips_27013,1.8187360096760379,1.8187360096760379,True
individuals,elastic_net_panel,categorical__fips_27077,-1.8147886854080975,1.8147886854080975,True
individuals,elastic_net_panel,categorical__fips_27131,1.8051349731840372,1.8051349731840372,True
individuals,elastic_net_panel,categorical__fips_27147,1.792565677756361,1.792565677756361,True
individuals,elastic_net_panel,categorical__fips_27051,-1.6166158047899397,1.6166158047899397,True
individuals,elastic_net_panel,categorical__fips_27121,-1.6163133802907121,1.6163133802907121,True
individuals,elastic_net_panel,categorical__fips_27037,1.6052865774813587,1.6052865774813587,True
individuals,elastic_net_panel,categorical__fips_27011,-1.5807386093459757,1.5807386093459757,True
individuals,elastic_net_panel,categorical__fips_27125,-1.5719601580637097,1.5719601580637097,True
individuals,elastic_net_panel,categorical__fips_27137,1.5392521919820286,1.5392521919820286,True
individuals,elastic_net_panel,categorical__fips_27141,1.4907726698155739,1.4907726698155739,True
individuals,elastic_net_panel,categorical__fips_27145,1.396260990943383,1.396260990943383,True
individuals,elastic_net_panel,categorical__fips_27069,-1.3498651971023483,1.3498651971023483,True
individuals,elastic_net_panel,categorical__fips_27089,-1.3447221420524778,1.3447221420524778,True
individuals,elastic_net_panel,categorical__fips_27171,1.2534634200324626,1.2534634200324626,True
individuals,elastic_net_panel,categorical__fips_27019,1.1558844480278303,1.1558844480278303,True
individuals,elastic_net_panel,categorical__fips_27101,-1.1381171098379415,1.1381171098379415,True
individuals,elastic_net_panel,categorical__fips_27151,-1.0670527086732968,1.0670527086732968,True
individuals,elastic_net_panel,categorical__fips_27135,-0.931286459146749,0.931286459146749,True
individuals,elastic_net_panel,categorical__fips_27133,-0.8611737742350974,0.8611737742350974,True
individuals,elastic_net_panel,categorical__fips_27027,0.8544449006733301,0.8544449006733301,True
individuals,elastic_net_panel,categorical__fips_27007,0.8536130242070612,0.8536130242070612,True
individuals,elastic_net_panel,categorical__fips_27035,0.8505562850681088,0.8505562850681088,True
individuals,elastic_net_panel,categorical__fips_27173,-0.8248122884278499,0.8248122884278499,True
individuals,elastic_net_panel,categorical__fips_27059,0.7877282246681443,0.7877282246681443,True
individuals,elastic_net_panel,categorical__fips_27029,-0.7810095246440644,0.7810095246440644,True
individuals,elastic_net_panel,categorical__fips_27099,0.7381984777652286,0.7381984777652286,True
individuals,elastic_net_panel,categorical__fips_27061,0.7306390460430621,0.7306390460430621,True
individuals,elastic_net_panel,categorical__fips_27149,-0.7269316279991718,0.7269316279991718,True
individuals,elastic_net_panel,categorical__fips_27123,0.7164682458865769,0.7164682458865769,True
individuals,elastic_net_panel,categorical__fips_27139,0.71409715427441,0.71409715427441,True
individuals,elastic_net_panel,categorical__fips_27129,0.7123404315320524,0.7123404315320524,True
individuals,elastic_net_panel,categorical__fips_27023,-0.7097480001747504,0.7097480001747504,True
individuals,elastic_net_panel,categorical__fips_27031,-0.7038993985100671,0.7038993985100671,True
individuals,elastic_net_panel,categorical__fips_27085,0.7030678168542891,0.7030678168542891,True
individuals,elastic_net_panel,categorical__fips_27169,0.6675554900929521,0.6675554900929521,True
individuals,elastic_net_panel,categorical__fips_27159,-0.63550605629542,0.63550605629542,True
individuals,elastic_net_panel,categorical__fips_27025,0.6190527951491392,0.6190527951491392,True
individuals,elastic_net_panel,categorical__fips_27075,-0.5913930545966021,0.5913930545966021,True
individuals,elastic_net_panel,categorical__fips_27049,0.582247795579665,0.582247795579665,True
individuals,elastic_net_panel,categorical__fips_27021,0.5689192457187691,0.5689192457187691,True
individuals,elastic_net_panel,categorical__fips_27067,0.5453111236001448,0.5453111236001448,True
individuals,elastic_net_panel,numeric__individuals_state_share_lag_1,0.5373828014599663,0.5373828014599663,True
individuals,elastic_net_panel,categorical__fips_27095,0.5175201501908452,0.5175201501908452,True
individuals,elastic_net_panel,categorical__fips_27103,-0.4907244733931054,0.4907244733931054,True
individuals,elastic_net_panel,categorical__fips_27001,-0.46390528002372544,0.46390528002372544,True
individuals,elastic_net_panel,categorical__fips_27111,0.46181832307391624,0.46181832307391624,True
individuals,elastic_net_panel,categorical__fips_27015,-0.43307973268964023,0.43307973268964023,True
individuals,elastic_net_panel,categorical__fips_27157,0.4050504048689181,0.4050504048689181,True
individuals,elastic_net_panel,categorical__fips_27087,-0.4003735333266725,0.4003735333266725,True
individuals,elastic_net_panel,categorical__fips_27043,-0.3492556430506262,0.3492556430506262,True
individuals,elastic_net_panel,categorical__fips_27045,-0.3478777462481056,0.3478777462481056,True
individuals,elastic_net_panel,categorical__fips_27143,-0.34079885736624843,0.34079885736624843,True
individuals,elastic_net_panel,categorical__fips_27127,-0.32648272312225274,0.32648272312225274,True
individuals,elastic_net_panel,categorical__fips_27039,0.3190295262526217,0.3190295262526217,True
individuals,elastic_net_panel,numeric__n_sites_lag_1,0.29380798208918285,0.29380798208918285,True
individuals,elastic_net_panel,categorical__fips_27033,-0.29195460054227657,0.29195460054227657,True
individuals,elastic_net_panel,categorical__fips_27063,-0.2777453292666097,0.2777453292666097,True
individuals,elastic_net_panel,categorical__fips_27115,0.2698547157243358,0.2698547157243358,True
individuals,elastic_net_panel,categorical__fips_27005,0.26290566388891756,0.26290566388891756,True
individuals,elastic_net_panel,categorical__fips_27047,0.26154577467250023,0.26154577467250023,True
individuals,elastic_net_panel,categorical__fips_27105,-0.2563568736308241,0.2563568736308241,True
individuals,elastic_net_panel,categorical__fips_27153,-0.23054773923824176,0.23054773923824176,True
individuals,elastic_net_panel,categorical__fips_27065,-0.2213475975511054,0.2213475975511054,True
individuals,elastic_net_panel,categorical__fips_27041,0.21201743041269366,0.21201743041269366,True
individuals,elastic_net_panel,categorical__fips_27057,0.20182999681867592,0.20182999681867592,True
individuals,elastic_net_panel,numeric__n_sites_reported_lag_1,0.1828313142668445,0.1828313142668445,True
individuals,elastic_net_panel,categorical__fips_27079,0.17362587687631376,0.17362587687631376,True
individuals,elastic_net_panel,numeric__time_index,0.164700253014203,0.164700253014203,True
individuals,elastic_net_panel,numeric__pounds_lag_1,0.16073955064410886,0.16073955064410886,True
individuals,elastic_net_panel,numeric__visits_lag_1,-0.1590863668797388,0.1590863668797388,True
individuals,elastic_net_panel,categorical__fips_27119,0.12445115384741058,0.12445115384741058,True
individuals,elastic_net_panel,categorical__month_cat_2,-0.11787914831332436,0.11787914831332436,True
individuals,elastic_net_panel,categorical__fips_27113,-0.11562672397223064,0.11562672397223064,True
individuals,elastic_net_panel,categorical__fips_27097,0.09814464283778918,0.09814464283778918,True
individuals,elastic_net_panel,categorical__fips_27071,-0.0958958789479814,0.0958958789479814,True
individuals,elastic_net_panel,numeric__individuals_lag_12,0.08890747109914279,0.08890747109914279,True
individuals,elastic_net_panel,categorical__fips_27017,0.08615121747019738,0.08615121747019738,True
individuals,elastic_net_panel,categorical__fips_27055,0.08247561085251658,0.08247561085251658,True
individuals,elastic_net_panel,categorical__fips_27093,-0.08008321785209002,0.08008321785209002,True
individuals,elastic_net_panel,numeric__individuals_per_visit_lag_1,0.07987699331587692,0.07987699331587692,True
individuals,elastic_net_panel,numeric__pounds_per_visit_lag_1,-0.07390786313453247,0.07390786313453247,True
individuals,elastic_net_panel,numeric__individuals_ytd_growth,0.06684974873338281,0.06684974873338281,True
individuals,elastic_net_panel,numeric__pounds_lag_12,-0.0664344662255119,0.0664344662255119,True
individuals,elastic_net_panel,categorical__month_cat_11,0.06560190969065431,0.06560190969065431,True
individuals,elastic_net_panel,categorical__month_cat_10,0.03818054785670116,0.03818054785670116,True
individuals,elastic_net_panel,categorical__fips_27117,-0.03565848624629039,0.03565848624629039,True
individuals,elastic_net_panel,categorical__month_cat_12,-0.03256698067811752,0.03256698067811752,True
individuals,elastic_net_panel,numeric__month_sin,-0.02596823967974312,0.02596823967974312,True
individuals,elastic_net_panel,categorical__month_cat_3,-0.01996449895227854,0.01996449895227854,True
individuals,elastic_net_panel,numeric__visits_lag_12,-0.01799275689511552,0.01799275689511552,True
individuals,elastic_net_panel,numeric__individuals_historical_month_ratio,-0.015844891684437368,0.015844891684437368,True
individuals,elastic_net_panel,numeric__n_sites_missing_lag_1,0.013031084398673514,0.013031084398673514,True
individuals,elastic_net_panel,numeric__individuals_lag_6,-0.0128791679548332,0.0128791679548332,True
individuals,elastic_net_panel,categorical__month_cat_6,0.012216740146232684,0.012216740146232684,True
individuals,elastic_net_panel,numeric__individuals_yoy_growth,0.008605352251907523,0.008605352251907523,True
individuals,elastic_net_panel,categorical__month_cat_8,-0.008061657444182522,0.008061657444182522,True
individuals,elastic_net_panel,categorical__fips_27161,-0.007780336263271045,0.007780336263271045,True
individuals,elastic_net_panel,numeric__reporting_rate_lag_1,0.006706416518100067,0.006706416518100067,True
individuals,elastic_net_panel,categorical__month_cat_9,-0.00545601305109729,0.00545601305109729,True
individuals,elastic_net_panel,numeric__month_cos,-0.004143395144285203,0.004143395144285203,True
individuals,elastic_net_panel,categorical__fips_27165,0.003610519268470516,0.003610519268470516,True
individuals,elastic_net_panel,categorical__fips_27091,0.0007361112359113919,0.0007361112359113919,True
individuals,elastic_net_panel,numeric__individuals_lag_1,-0.0,0.0,False
individuals,elastic_net_panel,numeric__individuals_lag_2,0.0,0.0,False
individuals,elastic_net_panel,numeric__individuals_lag_3,0.0,0.0,False
individuals,elastic_net_panel,numeric__individuals_rolling_mean_3,0.0,0.0,False
individuals,elastic_net_panel,numeric__individuals_rolling_mean_6,0.0,0.0,False
individuals,elastic_net_panel,numeric__individuals_rolling_mean_12,-0.0,0.0,False
individuals,elastic_net_panel,numeric__individuals_rolling_median_3,0.0,0.0,False
individuals,elastic_net_panel,categorical__fips_27009,-0.0,0.0,False
individuals,elastic_net_panel,categorical__fips_27083,-0.0,0.0,False
individuals,elastic_net_panel,categorical__month_cat_1,0.0,0.0,False
individuals,elastic_net_panel,categorical__month_cat_4,0.0,0.0,False
individuals,elastic_net_panel,categorical__month_cat_5,-0.0,0.0,False
individuals,elastic_net_panel,categorical__month_cat_7,0.0,0.0,False
individuals,lasso_panel,categorical__fips_27053,-5.1633177807312425,5.1633177807312425,True
individuals,lasso_panel,categorical__fips_27073,-2.287919280699373,2.287919280699373,True
individuals,lasso_panel,categorical__fips_27107,-2.038202500714644,2.038202500714644,True
individuals,lasso_panel,categorical__fips_27109,1.8708991696910624,1.8708991696910624,True
individuals,lasso_panel,categorical__fips_27155,-1.8684669410429369,1.8684669410429369,True
individuals,lasso_panel,categorical__fips_27081,-1.8656620956086003,1.8656620956086003,True
individuals,lasso_panel,categorical__fips_27077,-1.844447494000194,1.844447494000194,True
individuals,lasso_panel,categorical__fips_27147,1.8021085610586949,1.8021085610586949,True
individuals,lasso_panel,categorical__fips_27013,1.7946236208991377,1.7946236208991377,True
individuals,lasso_panel,categorical__fips_27163,1.769432185135603,1.769432185135603,True
individuals,lasso_panel,categorical__fips_27131,1.7620187616038332,1.7620187616038332,True
individuals,lasso_panel,categorical__fips_27003,1.708829116992315,1.708829116992315,True
individuals,lasso_panel,categorical__fips_27121,-1.666294893385667,1.666294893385667,True
individuals,lasso_panel,categorical__fips_27051,-1.6612595378667157,1.6612595378667157,True
individuals,lasso_panel,categorical__fips_27125,-1.6084184410796145,1.6084184410796145,True
individuals,lasso_panel,categorical__fips_27011,-1.5936634087296577,1.5936634087296577,True
individuals,lasso_panel,categorical__fips_27141,1.4415455737882306,1.4415455737882306,True
individuals,lasso_panel,categorical__fips_27089,-1.4017591360660961,1.4017591360660961,True
individuals,lasso_panel,categorical__fips_27069,-1.3708510838768897,1.3708510838768897,True
individuals,lasso_panel,categorical__fips_27137,1.2443802911821822,1.2443802911821822,True
individuals,lasso_panel,categorical__fips_27037,1.1941120312384936,1.1941120312384936,True
individuals,lasso_panel,categorical__fips_27145,1.1845008741065817,1.1845008741065817,True
individuals,lasso_panel,categorical__fips_27101,-1.1454833664526476,1.1454833664526476,True
individuals,lasso_panel,categorical__fips_27171,1.1410567570589867,1.1410567570589867,True
individuals,lasso_panel,categorical__fips_27019,1.101492875664957,1.101492875664957,True
individuals,lasso_panel,categorical__fips_27151,-1.0456905310209763,1.0456905310209763,True
individuals,lasso_panel,categorical__fips_27135,-0.9179148730473955,0.9179148730473955,True
individuals,lasso_panel,categorical__fips_27173,-0.8278762829807949,0.8278762829807949,True
individuals,lasso_panel,categorical__fips_27133,-0.8226334660555746,0.8226334660555746,True
individuals,lasso_panel,categorical__fips_27059,0.7832720329393694,0.7832720329393694,True
individuals,lasso_panel,categorical__fips_27007,0.7828540154884487,0.7828540154884487,True
individuals,lasso_panel,categorical__fips_27029,-0.7569518514439125,0.7569518514439125,True
individuals,lasso_panel,categorical__fips_27035,0.7200857217496753,0.7200857217496753,True
individuals,lasso_panel,categorical__fips_27031,-0.7156515380097834,0.7156515380097834,True
individuals,lasso_panel,categorical__fips_27027,0.7099855606902308,0.7099855606902308,True
individuals,lasso_panel,categorical__fips_27129,0.7014297165348469,0.7014297165348469,True
individuals,lasso_panel,categorical__fips_27149,-0.6900863549446011,0.6900863549446011,True
individuals,lasso_panel,categorical__fips_27023,-0.6756976050090324,0.6756976050090324,True
individuals,lasso_panel,categorical__fips_27099,0.671167633960983,0.671167633960983,True
individuals,lasso_panel,categorical__fips_27085,0.6664202316779406,0.6664202316779406,True
individuals,lasso_panel,categorical__fips_27159,-0.6569691727516613,0.6569691727516613,True
individuals,lasso_panel,numeric__n_sites_lag_1,0.6455720067817003,0.6455720067817003,True
individuals,lasso_panel,categorical__fips_27169,0.6398106756660985,0.6398106756660985,True
individuals,lasso_panel,categorical__fips_27139,0.6181302759044158,0.6181302759044158,True
individuals,lasso_panel,categorical__fips_27075,-0.5994611314535224,0.5994611314535224,True
individuals,lasso_panel,categorical__fips_27061,0.5559514038838776,0.5559514038838776,True
individuals,lasso_panel,categorical__fips_27025,0.529744106673425,0.529744106673425,True
individuals,lasso_panel,categorical__fips_27067,0.5271471297460297,0.5271471297460297,True
individuals,lasso_panel,numeric__individuals_state_share_lag_1,0.5211824180609683,0.5211824180609683,True
individuals,lasso_panel,categorical__fips_27049,0.5199405703808114,0.5199405703808114,True
individuals,lasso_panel,categorical__fips_27001,-0.5118501789054717,0.5118501789054717,True
individuals,lasso_panel,categorical__fips_27015,-0.451070693148252,0.451070693148252,True
individuals,lasso_panel,categorical__fips_27103,-0.44887705041295617,0.44887705041295617,True
individuals,lasso_panel,categorical__fips_27095,0.42193236746417145,0.42193236746417145,True
individuals,lasso_panel,categorical__fips_27021,0.4197389657856876,0.4197389657856876,True
individuals,lasso_panel,categorical__fips_27087,-0.3767252924515528,0.3767252924515528,True
individuals,lasso_panel,categorical__fips_27045,-0.3684612813587313,0.3684612813587313,True
individuals,lasso_panel,categorical__fips_27043,-0.33481742609534126,0.33481742609534126,True
individuals,lasso_panel,categorical__fips_27111,0.33399526488946824,0.33399526488946824,True
individuals,lasso_panel,categorical__fips_27143,-0.3222205485223613,0.3222205485223613,True
individuals,lasso_panel,categorical__fips_27157,0.32196006504236097,0.32196006504236097,True
individuals,lasso_panel,categorical__fips_27127,-0.31811489068174087,0.31811489068174087,True
individuals,lasso_panel,categorical__fips_27039,0.29436586742436494,0.29436586742436494,True
individuals,lasso_panel,categorical__fips_27033,-0.2659937608694163,0.2659937608694163,True
individuals,lasso_panel,categorical__fips_27063,-0.2625176934110201,0.2625176934110201,True
individuals,lasso_panel,numeric__pounds_lag_1,0.25477001347206346,0.25477001347206346,True
individuals,lasso_panel,categorical__fips_27005,0.23548912759429091,0.23548912759429091,True
individuals,lasso_panel,categorical__fips_27115,0.22545308627092941,0.22545308627092941,True
individuals,lasso_panel,categorical__fips_27153,-0.2205745571954099,0.2205745571954099,True
individuals,lasso_panel,categorical__fips_27047,0.20267256982213847,0.20267256982213847,True
individuals,lasso_panel,categorical__fips_27065,-0.20087067937707517,0.20087067937707517,True
individuals,lasso_panel,categorical__fips_27105,-0.20024714228519527,0.20024714228519527,True
individuals,lasso_panel,numeric__time_index,0.16609746401806483,0.16609746401806483,True
individuals,lasso_panel,categorical__fips_27071,-0.16395777348884102,0.16395777348884102,True
individuals,lasso_panel,categorical__fips_27041,0.15280922431225227,0.15280922431225227,True
individuals,lasso_panel,categorical__fips_27057,0.13320940298222303,0.13320940298222303,True
individuals,lasso_panel,numeric__visits_lag_1,-0.12162281934765333,0.12162281934765333,True
individuals,lasso_panel,categorical__month_cat_2,-0.10316376190277507,0.10316376190277507,True
individuals,lasso_panel,categorical__fips_27079,0.08289480121591473,0.08289480121591473,True
individuals,lasso_panel,categorical__fips_27113,-0.07581165357898566,0.07581165357898566,True
individuals,lasso_panel,numeric__individuals_per_visit_lag_1,0.06729560108922523,0.06729560108922523,True
individuals,lasso_panel,numeric__pounds_per_visit_lag_1,-0.0629084245375425,0.0629084245375425,True
individuals,lasso_panel,numeric__individuals_ytd_growth,0.06262372603422864,0.06262372603422864,True
individuals,lasso_panel,categorical__month_cat_11,0.06204225555537185,0.06204225555537185,True
individuals,lasso_panel,numeric__individuals_lag_6,-0.0381786081416042,0.0381786081416042,True
individuals,lasso_panel,categorical__month_cat_10,0.035677594061099625,0.035677594061099625,True
individuals,lasso_panel,categorical__fips_27093,-0.03284173794141127,0.03284173794141127,True
individuals,lasso_panel,numeric__month_sin,-0.026754807537264967,0.026754807537264967,True
individuals,lasso_panel,categorical__fips_27097,0.025330111148825885,0.025330111148825885,True
individuals,lasso_panel,categorical__month_cat_12,-0.02218191722347184,0.02218191722347184,True
individuals,lasso_panel,categorical__fips_27055,0.019308950696046875,0.019308950696046875,True
individuals,lasso_panel,numeric__individuals_historical_month_ratio,-0.013660317175250479,0.013660317175250479,True
individuals,lasso_panel,numeric__n_sites_missing_lag_1,0.010746789154440802,0.010746789154440802,True
individuals,lasso_panel,numeric__reporting_rate_lag_1,0.007647955414544444,0.007647955414544444,True
individuals,lasso_panel,numeric__pounds_lag_12,-0.007524385865050476,0.007524385865050476,True
individuals,lasso_panel,numeric__month_cos,-0.0072656414840370715,0.0072656414840370715,True
individuals,lasso_panel,categorical__month_cat_3,-0.00720479858798296,0.00720479858798296,True
individuals,lasso_panel,numeric__individuals_yoy_growth,0.006869576521883828,0.006869576521883828,True
individuals,lasso_panel,categorical__month_cat_6,0.006385225045458767,0.006385225045458767,True
individuals,lasso_panel,categorical__fips_27119,0.0018558222880211649,0.0018558222880211649,True
individuals,lasso_panel,categorical__month_cat_8,-0.0008375993457647229,0.0008375993457647229,True
individuals,lasso_panel,numeric__individuals_lag_1,-0.0,0.0,False
individuals,lasso_panel,numeric__individuals_lag_2,-0.0,0.0,False
individuals,lasso_panel,numeric__individuals_lag_3,-0.0,0.0,False
individuals,lasso_panel,numeric__individuals_lag_12,0.0,0.0,False
individuals,lasso_panel,numeric__individuals_rolling_mean_3,-0.0,0.0,False
individuals,lasso_panel,numeric__individuals_rolling_mean_6,-0.0,0.0,False
individuals,lasso_panel,numeric__individuals_rolling_mean_12,-0.0,0.0,False
individuals,lasso_panel,numeric__individuals_rolling_median_3,-0.0,0.0,False
individuals,lasso_panel,numeric__visits_lag_12,-0.0,0.0,False
individuals,lasso_panel,numeric__n_sites_reported_lag_1,0.0,0.0,False
individuals,lasso_panel,categorical__fips_27009,-0.0,0.0,False
individuals,lasso_panel,categorical__fips_27017,0.0,0.0,False
individuals,lasso_panel,categorical__fips_27083,-0.0,0.0,False
individuals,lasso_panel,categorical__fips_27091,0.0,0.0,False
individuals,lasso_panel,categorical__fips_27117,-0.0,0.0,False
individuals,lasso_panel,categorical__fips_27123,-0.0,0.0,False
individuals,lasso_panel,categorical__fips_27161,-0.0,0.0,False
individuals,lasso_panel,categorical__fips_27165,0.0,0.0,False
individuals,lasso_panel,categorical__month_cat_1,0.0,0.0,False
individuals,lasso_panel,categorical__month_cat_4,0.0,0.0,False
individuals,lasso_panel,categorical__month_cat_5,0.0,0.0,False
individuals,lasso_panel,categorical__month_cat_7,0.0,0.0,False
individuals,lasso_panel,categorical__month_cat_9,-0.0,0.0,False
individuals,ridge_panel,categorical__fips_27053,-2.6936822899812536,2.6936822899812536,True
individuals,ridge_panel,categorical__fips_27073,-2.385659572088791,2.385659572088791,True
individuals,ridge_panel,categorical__fips_27109,2.145695034928284,2.145695034928284,True
individuals,ridge_panel,categorical__fips_27163,2.1176352815132558,2.1176352815132558,True
individuals,ridge_panel,categorical__fips_27107,-2.0707862235209795,2.0707862235209795,True
individuals,ridge_panel,categorical__fips_27003,2.067961740921656,2.067961740921656,True
individuals,ridge_panel,categorical__fips_27081,-1.9613515881649533,1.9613515881649533,True
individuals,ridge_panel,categorical__fips_27077,-1.9461101302996706,1.9461101302996706,True
individuals,ridge_panel,categorical__fips_27155,-1.9236169690756812,1.9236169690756812,True
individuals,ridge_panel,categorical__fips_27131,1.9210216203016723,1.9210216203016723,True
individuals,ridge_panel,categorical__fips_27147,1.8965949012951249,1.8965949012951249,True
individuals,ridge_panel,categorical__fips_27013,1.864426022254149,1.864426022254149,True
individuals,ridge_panel,categorical__fips_27037,1.800714971972715,1.800714971972715,True
individuals,ridge_panel,categorical__fips_27121,-1.7984441906269684,1.7984441906269684,True
individuals,ridge_panel,categorical__fips_27051,-1.725948912614593,1.725948912614593,True
individuals,ridge_panel,categorical__fips_27137,1.6923443077823448,1.6923443077823448,True
individuals,ridge_panel,categorical__fips_27125,-1.682406418153924,1.682406418153924,True
individuals,ridge_panel,categorical__fips_27011,-1.6819722535341006,1.6819722535341006,True
individuals,ridge_panel,categorical__fips_27141,1.6106895281523887,1.6106895281523887,True
individuals,ridge_panel,categorical__fips_27145,1.509004521439081,1.509004521439081,True
individuals,ridge_panel,categorical__fips_27069,-1.4538856257016357,1.4538856257016357,True
individuals,ridge_panel,categorical__fips_27089,-1.4088889063763532,1.4088889063763532,True
individuals,ridge_panel,categorical__fips_27171,1.3422325674244642,1.3422325674244642,True
individuals,ridge_panel,categorical__fips_27019,1.2410530351252342,1.2410530351252342,True
individuals,ridge_panel,categorical__fips_27101,-1.2130046178086455,1.2130046178086455,True
individuals,ridge_panel,categorical__fips_27151,-1.1340305096577452,1.1340305096577452,True
individuals,ridge_panel,categorical__fips_27123,1.1314381464588052,1.1314381464588052,True
individuals,ridge_panel,categorical__fips_27027,1.0154426234081813,1.0154426234081813,True
individuals,ridge_panel,categorical__fips_27135,-0.9784662413463479,0.9784662413463479,True
individuals,ridge_panel,categorical__fips_27035,0.9686788901837319,0.9686788901837319,True
individuals,ridge_panel,categorical__fips_27007,0.9514487162303018,0.9514487162303018,True
individuals,ridge_panel,categorical__fips_27173,-0.9119463816962659,0.9119463816962659,True
individuals,ridge_panel,categorical__fips_27133,-0.9039000714535053,0.9039000714535053,True
individuals,ridge_panel,categorical__fips_27099,0.8846774051902483,0.8846774051902483,True
individuals,ridge_panel,categorical__fips_27061,0.8805832882848372,0.8805832882848372,True
individuals,ridge_panel,categorical__fips_27059,0.8640322869072071,0.8640322869072071,True
individuals,ridge_panel,categorical__fips_27029,-0.8592649725175079,0.8592649725175079,True
individuals,ridge_panel,categorical__fips_27149,-0.7829217476728109,0.7829217476728109,True
individuals,ridge_panel,categorical__fips_27129,0.7821402844217836,0.7821402844217836,True
individuals,ridge_panel,categorical__fips_27139,0.778331993895868,0.778331993895868,True
individuals,ridge_panel,categorical__fips_27023,-0.7761362089296729,0.7761362089296729,True
individuals,ridge_panel,categorical__fips_27085,0.7659273086187544,0.7659273086187544,True
individuals,ridge_panel,categorical__fips_27031,-0.7616013966975312,0.7616013966975312,True
individuals,ridge_panel,categorical__fips_27021,0.7276581108157527,0.7276581108157527,True
individuals,ridge_panel,categorical__fips_27169,0.7062196566558987,0.7062196566558987,True
individuals,ridge_panel,categorical__fips_27025,0.6866659353948324,0.6866659353948324,True
individuals,ridge_panel,categorical__fips_27049,0.6794368608628353,0.6794368608628353,True
individuals,ridge_panel,categorical__fips_27159,-0.6676340572548773,0.6676340572548773,True
individuals,ridge_panel,categorical__fips_27075,-0.6506050118342694,0.6506050118342694,True
individuals,ridge_panel,categorical__fips_27095,0.6220524717898824,0.6220524717898824,True
individuals,ridge_panel,categorical__fips_27067,0.6099698257759915,0.6099698257759915,True
individuals,ridge_panel,numeric__individuals_state_share_lag_1,0.5756744420423081,0.5756744420423081,True
individuals,ridge_panel,categorical__fips_27103,-0.5572574979901023,0.5572574979901023,True
individuals,ridge_panel,categorical__fips_27111,0.5566689256689162,0.5566689256689162,True
individuals,ridge_panel,categorical__fips_27015,-0.5249373587313736,0.5249373587313736,True
individuals,ridge_panel,categorical__fips_27157,0.4909832760992075,0.4909832760992075,True
individuals,ridge_panel,categorical__fips_27087,-0.47821928908018774,0.47821928908018774,True
individuals,ridge_panel,categorical__fips_27001,-0.4691163198846475,0.4691163198846475,True
individuals,ridge_panel,categorical__fips_27143,-0.4096685271758965,0.4096685271758965,True
individuals,ridge_panel,categorical__fips_27039,0.38225767865536925,0.38225767865536925,True
individuals,ridge_panel,categorical__fips_27043,-0.3790017214888684,0.3790017214888684,True
individuals,ridge_panel,categorical__fips_27045,-0.37066352666348945,0.37066352666348945,True
individuals,ridge_panel,categorical__fips_27127,-0.3657497843733763,0.3657497843733763,True
individuals,ridge_panel,numeric__pounds_lag_1,0.35671693972487245,0.35671693972487245,True
individuals,ridge_panel,categorical__fips_27047,0.3473446187198562,0.3473446187198562,True
individuals,ridge_panel,categorical__fips_27063,-0.3141169178531365,0.3141169178531365,True
individuals,ridge_panel,categorical__fips_27115,0.29903307585331274,0.29903307585331274,True
individuals,ridge_panel,categorical__fips_27033,-0.29856921876053244,0.29856921876053244,True
individuals,ridge_panel,categorical__fips_27153,-0.27781751209653766,0.27781751209653766,True
individuals,ridge_panel,categorical__fips_27005,0.27663405069712416,0.27663405069712416,True
individuals,ridge_panel,categorical__fips_27065,-0.268245134116128,0.268245134116128,True
individuals,ridge_panel,categorical__fips_27105,-0.2645454052860693,0.2645454052860693,True
individuals,ridge_panel,categorical__fips_27079,0.2521083708515693,0.2521083708515693,True
individuals,ridge_panel,categorical__fips_27057,0.23518737644804963,0.23518737644804963,True
individuals,ridge_panel,numeric__individuals_lag_1,-0.2223333517009665,0.2223333517009665,True
individuals,ridge_panel,categorical__fips_27113,-0.20385686052126484,0.20385686052126484,True
individuals,ridge_panel,categorical__fips_27119,0.19701978171419812,0.19701978171419812,True
individuals,ridge_panel,numeric__individuals_lag_12,0.1966184531623822,0.1966184531623822,True
individuals,ridge_panel,numeric__time_index,0.16989106776786256,0.16989106776786256,True
individuals,ridge_panel,categorical__fips_27041,0.16443209101439987,0.16443209101439987,True
individuals,ridge_panel,numeric__n_sites_reported_lag_1,0.15868322016449726,0.15868322016449726,True
individuals,ridge_panel,numeric__n_sites_lag_1,0.15826300476574864,0.15826300476574864,True
individuals,ridge_panel,categorical__fips_27093,-0.15812405323898246,0.15812405323898246,True
individuals,ridge_panel,numeric__visits_lag_1,-0.15731535464996232,0.15731535464996232,True
individuals,ridge_panel,categorical__fips_27055,0.15562689967141927,0.15562689967141927,True
individuals,ridge_panel,categorical__fips_27017,0.13575929787520738,0.13575929787520738,True
individuals,ridge_panel,categorical__fips_27097,0.12699432636036004,0.12699432636036004,True
individuals,ridge_panel,numeric__individuals_rolling_mean_3,0.10600388359861285,0.10600388359861285,True
individuals,ridge_panel,numeric__visits_lag_12,-0.1029436746535177,0.1029436746535177,True
individuals,ridge_panel,categorical__fips_27117,-0.10236779005708435,0.10236779005708435,True
individuals,ridge_panel,categorical__month_cat_2,-0.09170005013721544,0.09170005013721544,True
individuals,ridge_panel,categorical__fips_27071,-0.08951689417913704,0.08951689417913704,True
individuals,ridge_panel,categorical__fips_27165,0.07635115067702895,0.07635115067702895,True
individuals,ridge_panel,categorical__month_cat_11,0.07048686823250415,0.07048686823250415,True
individuals,ridge_panel,numeric__individuals_ytd_growth,0.06625858070167642,0.06625858070167642,True
individuals,ridge_panel,numeric__individuals_lag_3,-0.061668196749115674,0.061668196749115674,True
individuals,ridge_panel,numeric__individuals_rolling_mean_6,0.05754285323900712,0.05754285323900712,True
individuals,ridge_panel,numeric__pounds_lag_12,-0.05094992352463154,0.05094992352463154,True
individuals,ridge_panel,numeric__individuals_per_visit_lag_1,0.04973143127158253,0.04973143127158253,True
individuals,ridge_panel,numeric__pounds_per_visit_lag_1,-0.048696068852310134,0.048696068852310134,True
individuals,ridge_panel,numeric__month_sin,-0.04485543419122158,0.04485543419122158,True
individuals,ridge_panel,categorical__fips_27161,-0.03635752408409253,0.03635752408409253,True
individuals,ridge_panel,categorical__month_cat_9,-0.03602057954312364,0.03602057954312364,True
individuals,ridge_panel,numeric__individuals_rolling_mean_12,-0.03316591564201098,0.03316591564201098,True
individuals,ridge_panel,categorical__month_cat_10,0.03241913999849554,0.03241913999849554,True
individuals,ridge_panel,categorical__month_cat_8,-0.029823457382928433,0.029823457382928433,True
individuals,ridge_panel,categorical__month_cat_12,-0.02884597241956418,0.02884597241956418,True
individuals,ridge_panel,numeric__individuals_lag_6,-0.028803958315518713,0.028803958315518713,True
individuals,ridge_panel,categorical__month_cat_4,0.028410584273504975,0.028410584273504975,True
individuals,ridge_panel,categorical__fips_27083,-0.02783362595104667,0.02783362595104667,True
individuals,ridge_panel,categorical__month_cat_1,0.022129740220155108,0.022129740220155108,True
individuals,ridge_panel,categorical__month_cat_6,0.019831832748862667,0.019831832748862667,True
individuals,ridge_panel,numeric__individuals_historical_month_ratio,-0.018170890189550454,0.018170890189550454,True
individuals,ridge_panel,numeric__individuals_rolling_median_3,0.017388496360825012,0.017388496360825012,True
individuals,ridge_panel,numeric__individuals_lag_2,-0.016799037991752603,0.016799037991752603,True
individuals,ridge_panel,numeric__n_sites_missing_lag_1,0.01505857962427018,0.01505857962427018,True
individuals,ridge_panel,numeric__individuals_yoy_growth,0.013993352823131725,0.013993352823131725,True
individuals,ridge_panel,categorical__month_cat_5,0.013656111225573388,0.013656111225573388,True
individuals,ridge_panel,numeric__reporting_rate_lag_1,0.011303455497873332,0.011303455497873332,True
individuals,ridge_panel,categorical__fips_27091,0.009429609248304716,0.009429609248304716,True
individuals,ridge_panel,numeric__month_cos,-0.007113715527333808,0.007113715527333808,True
individuals,ridge_panel,categorical__month_cat_7,-0.00486526623697458,0.00486526623697458,True
individuals,ridge_panel,categorical__month_cat_3,0.0043210490208521165,0.0043210490208521165,True
individuals,ridge_panel,categorical__fips_27009,-0.0016786090196481737,0.0016786090196481737,True
pounds,elastic_net_panel,categorical__fips_27053,-2.5865457812325783,2.5865457812325783,True
pounds,elastic_net_panel,categorical__fips_27107,-2.107296166067483,2.107296166067483,True
pounds,elastic_net_panel,categorical__fips_27081,-1.9987009350483087,1.9987009350483087,True
pounds,elastic_net_panel,categorical__fips_27109,1.924398787412432,1.924398787412432,True
pounds,elastic_net_panel,categorical__fips_27073,-1.91820092665676,1.91820092665676,True
pounds,elastic_net_panel,categorical__fips_27155,-1.8030927926014078,1.8030927926014078,True
pounds,elastic_net_panel,categorical__fips_27163,1.742382489105282,1.742382489105282,True
pounds,elastic_net_panel,categorical__fips_27003,1.7363609188749334,1.7363609188749334,True
pounds,elastic_net_panel,categorical__fips_27013,1.6974263849786229,1.6974263849786229,True
pounds,elastic_net_panel,categorical__fips_27137,1.6619250717597769,1.6619250717597769,True
pounds,elastic_net_panel,categorical__fips_27077,-1.6164911369157156,1.6164911369157156,True
pounds,elastic_net_panel,categorical__fips_27037,1.5999052792308297,1.5999052792308297,True
pounds,elastic_net_panel,categorical__fips_27131,1.5986438007243016,1.5986438007243016,True
pounds,elastic_net_panel,categorical__fips_27145,1.5448880603968171,1.5448880603968171,True
pounds,elastic_net_panel,categorical__fips_27147,1.49328007522178,1.49328007522178,True
pounds,elastic_net_panel,categorical__fips_27011,-1.4542868431562048,1.4542868431562048,True
pounds,elastic_net_panel,categorical__fips_27125,-1.3909319552474588,1.3909319552474588,True
pounds,elastic_net_panel,categorical__fips_27171,1.3658496753054024,1.3658496753054024,True
pounds,elastic_net_panel,categorical__fips_27141,1.3315915227443276,1.3315915227443276,True
pounds,elastic_net_panel,categorical__fips_27051,-1.2834853037931861,1.2834853037931861,True
pounds,elastic_net_panel,categorical__fips_27151,-1.2805947902699775,1.2805947902699775,True
pounds,elastic_net_panel,categorical__fips_27089,-1.1843752395076665,1.1843752395076665,True
pounds,elastic_net_panel,categorical__fips_27069,-1.1804109983104087,1.1804109983104087,True
pounds,elastic_net_panel,categorical__fips_27019,1.1726591038138205,1.1726591038138205,True
pounds,elastic_net_panel,categorical__fips_27133,-1.158482543461345,1.158482543461345,True
pounds,elastic_net_panel,categorical__fips_27101,-1.0848012995638818,1.0848012995638818,True
pounds,elastic_net_panel,categorical__fips_27121,-1.0780287079600193,1.0780287079600193,True
pounds,elastic_net_panel,categorical__fips_27135,-1.0602064265987539,1.0602064265987539,True
pounds,elastic_net_panel,categorical__fips_27023,-0.9868278602172305,0.9868278602172305,True
pounds,elastic_net_panel,categorical__fips_27149,-0.9552154256557608,0.9552154256557608,True
pounds,elastic_net_panel,categorical__fips_27035,0.9203201188781135,0.9203201188781135,True
pounds,elastic_net_panel,categorical__fips_27123,0.8459735718067588,0.8459735718067588,True
pounds,elastic_net_panel,categorical__fips_27007,0.8399929768009096,0.8399929768009096,True
pounds,elastic_net_panel,categorical__fips_27139,0.789266207004275,0.789266207004275,True
pounds,elastic_net_panel,categorical__fips_27061,0.7623113054218308,0.7623113054218308,True
pounds,elastic_net_panel,categorical__fips_27029,-0.7475024572495946,0.7475024572495946,True
pounds,elastic_net_panel,categorical__fips_27025,0.7470159001218033,0.7470159001218033,True
pounds,elastic_net_panel,categorical__fips_27027,0.7310920026013367,0.7310920026013367,True
pounds,elastic_net_panel,categorical__fips_27031,-0.719919501076816,0.719919501076816,True
pounds,elastic_net_panel,categorical__fips_27169,0.6365030619569295,0.6365030619569295,True
pounds,elastic_net_panel,categorical__fips_27111,0.6312075754391855,0.6312075754391855,True
pounds,elastic_net_panel,categorical__fips_27173,-0.627452106115278,0.627452106115278,True
pounds,elastic_net_panel,categorical__fips_27085,0.6247179736092764,0.6247179736092764,True
pounds,elastic_net_panel,categorical__fips_27159,-0.5990857631680248,0.5990857631680248,True
pounds,elastic_net_panel,categorical__fips_27059,0.585700909917907,0.585700909917907,True
pounds,elastic_net_panel,categorical__fips_27075,-0.5451957701853081,0.5451957701853081,True
pounds,elastic_net_panel,categorical__fips_27021,0.5423104122145758,0.5423104122145758,True
pounds,elastic_net_panel,categorical__fips_27043,-0.5415325486394491,0.5415325486394491,True
pounds,elastic_net_panel,numeric__pounds_state_share_lag_1,0.5256036953722865,0.5256036953722865,True
pounds,elastic_net_panel,categorical__fips_27049,0.4896496883203309,0.4896496883203309,True
pounds,elastic_net_panel,categorical__fips_27041,0.47755695549782895,0.47755695549782895,True
pounds,elastic_net_panel,categorical__fips_27001,-0.47677268253717797,0.47677268253717797,True
pounds,elastic_net_panel,categorical__fips_27157,0.4715903651767725,0.4715903651767725,True
pounds,elastic_net_panel,categorical__fips_27095,0.46541760416983363,0.46541760416983363,True
pounds,elastic_net_panel,categorical__fips_27103,-0.4620139265473855,0.4620139265473855,True
pounds,elastic_net_panel,categorical__fips_27033,-0.4577561857718388,0.4577561857718388,True
pounds,elastic_net_panel,categorical__fips_27105,-0.4537000559330876,0.4537000559330876,True
pounds,elastic_net_panel,categorical__fips_27129,0.44510189411476314,0.44510189411476314,True
pounds,elastic_net_panel,categorical__fips_27067,0.4368165491325645,0.4368165491325645,True
pounds,elastic_net_panel,categorical__fips_27087,-0.397394405171648,0.397394405171648,True
pounds,elastic_net_panel,categorical__fips_27005,0.395854529717568,0.395854529717568,True
pounds,elastic_net_panel,categorical__fips_27099,0.3745695863246599,0.3745695863246599,True
pounds,elastic_net_panel,categorical__fips_27057,0.3590951181254213,0.3590951181254213,True
pounds,elastic_net_panel,categorical__fips_27119,0.35055400581183116,0.35055400581183116,True
pounds,elastic_net_panel,categorical__fips_27045,-0.3265802287636947,0.3265802287636947,True
pounds,elastic_net_panel,categorical__fips_27115,0.3150596420066102,0.3150596420066102,True
pounds,elastic_net_panel,categorical__fips_27097,0.29598653228761884,0.29598653228761884,True
pounds,elastic_net_panel,categorical__fips_27065,-0.2867310943040417,0.2867310943040417,True
pounds,elastic_net_panel,numeric__individuals_lag_1,0.2538298519271505,0.2538298519271505,True
pounds,elastic_net_panel,categorical__fips_27127,-0.22650431400074936,0.22650431400074936,True
pounds,elastic_net_panel,categorical__fips_27143,-0.22157600969130276,0.22157600969130276,True
pounds,elastic_net_panel,categorical__fips_27079,0.22140384190739282,0.22140384190739282,True
pounds,elastic_net_panel,categorical__fips_27091,0.21903580008033274,0.21903580008033274,True
pounds,elastic_net_panel,categorical__fips_27017,0.2124469540383671,0.2124469540383671,True
pounds,elastic_net_panel,numeric__n_sites_reported_lag_1,0.196876105528942,0.196876105528942,True
pounds,elastic_net_panel,numeric__n_sites_lag_1,0.1963201887395932,0.1963201887395932,True
pounds,elastic_net_panel,categorical__fips_27063,-0.1927247713429254,0.1927247713429254,True
pounds,elastic_net_panel,numeric__visits_lag_1,-0.15570771330657007,0.15570771330657007,True
pounds,elastic_net_panel,categorical__fips_27161,-0.15098695339167828,0.15098695339167828,True
pounds,elastic_net_panel,categorical__fips_27153,-0.12344767055911354,0.12344767055911354,True
pounds,elastic_net_panel,numeric__pounds_lag_1,-0.1173910265961959,0.1173910265961959,True
pounds,elastic_net_panel,categorical__fips_27083,0.11140962564610901,0.11140962564610901,True
pounds,elastic_net_panel,categorical__fips_27055,-0.10687993846554239,0.10687993846554239,True
pounds,elastic_net_panel,categorical__fips_27165,-0.10284997131548777,0.10284997131548777,True
pounds,elastic_net_panel,numeric__time_index,0.10104150170403814,0.10104150170403814,True
pounds,elastic_net_panel,categorical__month_cat_2,-0.09355925707997485,0.09355925707997485,True
pounds,elastic_net_panel,numeric__pounds_lag_2,0.09206421468882862,0.09206421468882862,True
pounds,elastic_net_panel,numeric__pounds_lag_6,-0.08182432917320953,0.08182432917320953,True
pounds,elastic_net_panel,categorical__fips_27015,-0.07638936819588278,0.07638936819588278,True
pounds,elastic_net_panel,numeric__individuals_lag_12,0.06331087582481108,0.06331087582481108,True
pounds,elastic_net_panel,categorical__month_cat_11,0.061554074099712905,0.061554074099712905,True
pounds,elastic_net_panel,numeric__visits_lag_12,-0.06085839560800884,0.06085839560800884,True
pounds,elastic_net_panel,categorical__fips_27039,0.0570515876115823,0.0570515876115823,True
pounds,elastic_net_panel,categorical__fips_27047,0.051667907749742926,0.051667907749742926,True
pounds,elastic_net_panel,numeric__pounds_lag_3,0.0504730904553481,0.0504730904553481,True
pounds,elastic_net_panel,numeric__pounds_ytd_growth,0.04877329114860586,0.04877329114860586,True
pounds,elastic_net_panel,numeric__pounds_rolling_mean_6,-0.048436409514747994,0.048436409514747994,True
pounds,elastic_net_panel,categorical__month_cat_9,-0.04567048988833613,0.04567048988833613,True
pounds,elastic_net_panel,categorical__fips_27093,-0.043015599072329096,0.043015599072329096,True
pounds,elastic_net_panel,numeric__pounds_per_visit_lag_1,0.0405776676739347,0.0405776676739347,True
pounds,elastic_net_panel,numeric__month_sin,-0.03889443011893767,0.03889443011893767,True
pounds,elastic_net_panel,numeric__pounds_rolling_median_3,0.03252632656251145,0.03252632656251145,True
pounds,elastic_net_panel,categorical__month_cat_6,-0.02420363615917106,0.02420363615917106,True
pounds,elastic_net_panel,numeric__pounds_yoy_growth,0.021158565829918694,0.021158565829918694,True
pounds,elastic_net_panel,categorical__month_cat_4,0.02113291134796378,0.02113291134796378,True
pounds,elastic_net_panel,numeric__pounds_lag_12,-0.019868018449468967,0.019868018449468967,True
pounds,elastic_net_panel,numeric__individuals_per_visit_lag_1,0.01796270881742869,0.01796270881742869,True
pounds,elastic_net_panel,numeric__pounds_historical_month_ratio,-0.017375495723103575,0.017375495723103575,True
pounds,elastic_net_panel,categorical__month_cat_10,0.014471389352333998,0.014471389352333998,True
pounds,elastic_net_panel,categorical__month_cat_7,-0.008720977334900548,0.008720977334900548,True
pounds,elastic_net_panel,categorical__month_cat_5,0.0056106168748412495,0.0056106168748412495,True
pounds,elastic_net_panel,numeric__month_cos,0.005334559429304131,0.005334559429304131,True
pounds,elastic_net_panel,numeric__reporting_rate_lag_1,-0.0020993367373254358,0.0020993367373254358,True
pounds,elastic_net_panel,categorical__fips_27113,0.00012440434431387109,0.00012440434431387109,True
pounds,elastic_net_panel,categorical__fips_27117,0.00010166681932391627,0.00010166681932391627,True
pounds,elastic_net_panel,numeric__pounds_rolling_mean_3,0.0,0.0,False
pounds,elastic_net_panel,numeric__pounds_rolling_mean_12,-0.0,0.0,False
pounds,elastic_net_panel,numeric__n_sites_missing_lag_1,-0.0,0.0,False
pounds,elastic_net_panel,categorical__fips_27009,-0.0,0.0,False
pounds,elastic_net_panel,categorical__fips_27071,-0.0,0.0,False
pounds,elastic_net_panel,categorical__month_cat_1,0.0,0.0,False
pounds,elastic_net_panel,categorical__month_cat_12,-0.0,0.0,False
pounds,elastic_net_panel,categorical__month_cat_3,-0.0,0.0,False
pounds,elastic_net_panel,categorical__month_cat_8,0.0,0.0,False
pounds,lasso_panel,categorical__fips_27053,-5.856593022486186,5.856593022486186,True
pounds,lasso_panel,categorical__fips_27107,-2.1626287330551492,2.1626287330551492,True
pounds,lasso_panel,categorical__fips_27081,-2.0642578399815212,2.0642578399815212,True
pounds,lasso_panel,categorical__fips_27073,-1.9649249378390277,1.9649249378390277,True
pounds,lasso_panel,categorical__fips_27155,-1.844805551594648,1.844805551594648,True
pounds,lasso_panel,categorical__fips_27077,-1.6474813133638557,1.6474813133638557,True
pounds,lasso_panel,categorical__fips_27109,1.6140539148527164,1.6140539148527164,True
pounds,lasso_panel,categorical__fips_27013,1.594420927345087,1.594420927345087,True
pounds,lasso_panel,categorical__fips_27131,1.4928412869314838,1.4928412869314838,True
pounds,lasso_panel,categorical__fips_27163,1.4709668050000972,1.4709668050000972,True
pounds,lasso_panel,categorical__fips_27011,-1.46027087710207,1.46027087710207,True
pounds,lasso_panel,categorical__fips_27147,1.4399942919560564,1.4399942919560564,True
pounds,lasso_panel,categorical__fips_27125,-1.4126584316629425,1.4126584316629425,True
pounds,lasso_panel,categorical__fips_27003,1.3952534818594458,1.3952534818594458,True
pounds,lasso_panel,categorical__fips_27145,1.3248722123976486,1.3248722123976486,True
pounds,lasso_panel,categorical__fips_27137,1.3186099211489264,1.3186099211489264,True
pounds,lasso_panel,categorical__fips_27051,-1.2916302089123668,1.2916302089123668,True
pounds,lasso_panel,categorical__fips_27151,-1.2810427643326605,1.2810427643326605,True
pounds,lasso_panel,categorical__fips_27141,1.255767381186598,1.255767381186598,True
pounds,lasso_panel,categorical__fips_27171,1.254252362939592,1.254252362939592,True
pounds,lasso_panel,categorical__fips_27089,-1.201938932435711,1.201938932435711,True
pounds,lasso_panel,categorical__fips_27069,-1.1814096192667563,1.1814096192667563,True
pounds,lasso_panel,categorical__fips_27133,-1.1429823557199361,1.1429823557199361,True
pounds,lasso_panel,categorical__fips_27019,1.1072283167021413,1.1072283167021413,True
pounds,lasso_panel,categorical__fips_27101,-1.0776566917799912,1.0776566917799912,True
pounds,lasso_panel,categorical__fips_27037,1.0736378088113208,1.0736378088113208,True
pounds,lasso_panel,categorical__fips_27121,-1.0572408322862406,1.0572408322862406,True
pounds,lasso_panel,categorical__fips_27135,-1.045337538561104,1.045337538561104,True
pounds,lasso_panel,categorical__fips_27023,-0.9744399502643383,0.9744399502643383,True
pounds,lasso_panel,categorical__fips_27149,-0.9337495957975385,0.9337495957975385,True
pounds,lasso_panel,categorical__fips_27035,0.808427083641316,0.808427083641316,True
pounds,lasso_panel,categorical__fips_27007,0.7653608001379903,0.7653608001379903,True
pounds,lasso_panel,numeric__pounds_state_share_lag_1,0.7569353173551651,0.7569353173551651,True
pounds,lasso_panel,categorical__fips_27029,-0.71204772050712,0.71204772050712,True
pounds,lasso_panel,categorical__fips_27031,-0.708050228307425,0.708050228307425,True
pounds,lasso_panel,categorical__fips_27139,0.6990789924506853,0.6990789924506853,True
pounds,lasso_panel,categorical__fips_27025,0.661727462837536,0.661727462837536,True
pounds,lasso_panel,categorical__fips_27061,0.6272849047892252,0.6272849047892252,True
pounds,lasso_panel,categorical__fips_27027,0.6042825578997373,0.6042825578997373,True
pounds,lasso_panel,categorical__fips_27173,-0.5939926180499303,0.5939926180499303,True
pounds,lasso_panel,categorical__fips_27169,0.5774648465914912,0.5774648465914912,True
pounds,lasso_panel,categorical__fips_27159,-0.576390729001104,0.576390729001104,True
pounds,lasso_panel,categorical__fips_27085,0.5637281156002613,0.5637281156002613,True
pounds,lasso_panel,categorical__fips_27059,0.5455473611318011,0.5455473611318011,True
pounds,lasso_panel,categorical__fips_27111,0.5374838038980544,0.5374838038980544,True
pounds,lasso_panel,categorical__fips_27075,-0.5229361927233669,0.5229361927233669,True
pounds,lasso_panel,categorical__fips_27043,-0.5137693397101043,0.5137693397101043,True
pounds,lasso_panel,categorical__fips_27001,-0.47020397744417075,0.47020397744417075,True
pounds,lasso_panel,numeric__n_sites_lag_1,0.45756867903151655,0.45756867903151655,True
pounds,lasso_panel,categorical__fips_27041,0.4320535430421162,0.4320535430421162,True
pounds,lasso_panel,categorical__fips_27021,0.430264929409249,0.430264929409249,True
pounds,lasso_panel,categorical__fips_27049,0.4185862995544455,0.4185862995544455,True
pounds,lasso_panel,categorical__fips_27033,-0.41115125784992584,0.41115125784992584,True
pounds,lasso_panel,categorical__fips_27103,-0.4025841947078874,0.4025841947078874,True
pounds,lasso_panel,categorical__fips_27157,0.3989366171377742,0.3989366171377742,True
pounds,lasso_panel,categorical__fips_27129,0.39268007489022466,0.39268007489022466,True
pounds,lasso_panel,categorical__fips_27105,-0.3913258635283365,0.3913258635283365,True
pounds,lasso_panel,categorical__fips_27067,0.39099832034284415,0.39099832034284415,True
pounds,lasso_panel,categorical__fips_27095,0.3736620294283796,0.3736620294283796,True
pounds,lasso_panel,categorical__fips_27005,0.35595519835440154,0.35595519835440154,True
pounds,lasso_panel,categorical__fips_27087,-0.34858063949459483,0.34858063949459483,True
pounds,lasso_panel,categorical__fips_27045,-0.29883783406481756,0.29883783406481756,True
pounds,lasso_panel,categorical__fips_27057,0.29526691601951444,0.29526691601951444,True
pounds,lasso_panel,categorical__fips_27099,0.2952049057063574,0.2952049057063574,True
pounds,lasso_panel,categorical__fips_27119,0.2629151929176323,0.2629151929176323,True
pounds,lasso_panel,categorical__fips_27115,0.24839369249909746,0.24839369249909746,True
pounds,lasso_panel,categorical__fips_27065,-0.24116091654967464,0.24116091654967464,True
pounds,lasso_panel,categorical__fips_27097,0.22606880147153732,0.22606880147153732,True
pounds,lasso_panel,categorical__fips_27143,-0.16425351016842737,0.16425351016842737,True
pounds,lasso_panel,categorical__fips_27127,-0.16420565633578735,0.16420565633578735,True
pounds,lasso_panel,categorical__fips_27091,0.15148525799621926,0.15148525799621926,True
pounds,lasso_panel,numeric__pounds_lag_2,0.13733412633361702,0.13733412633361702,True
pounds,lasso_panel,categorical__fips_27079,0.134545140228309,0.134545140228309,True
pounds,lasso_panel,categorical__fips_27063,-0.12777051742547316,0.12777051742547316,True
pounds,lasso_panel,categorical__fips_27017,0.12665090038073984,0.12665090038073984,True
pounds,lasso_panel,categorical__fips_27161,-0.10385582856600023,0.10385582856600023,True
pounds,lasso_panel,numeric__time_index,0.09965094125123511,0.09965094125123511,True
pounds,lasso_panel,categorical__month_cat_2,-0.08615944106512999,0.08615944106512999,True
pounds,lasso_panel,numeric__pounds_lag_6,-0.07290185363286872,0.07290185363286872,True
pounds,lasso_panel,categorical__fips_27153,-0.06441842629576797,0.06441842629576797,True
pounds,lasso_panel,categorical__fips_27055,-0.06271190339404584,0.06271190339404584,True
pounds,lasso_panel,categorical__month_cat_11,0.05509272818389801,0.05509272818389801,True
pounds,lasso_panel,numeric__pounds_ytd_growth,0.045774424041428424,0.045774424041428424,True
pounds,lasso_panel,categorical__fips_27083,0.04013040013271872,0.04013040013271872,True
pounds,lasso_panel,numeric__pounds_per_visit_lag_1,0.0364475434245386,0.0364475434245386,True
pounds,lasso_panel,numeric__month_sin,-0.035196466842579856,0.035196466842579856,True
pounds,lasso_panel,categorical__month_cat_9,-0.030510448388490465,0.030510448388490465,True
pounds,lasso_panel,numeric__pounds_lag_3,0.020762195819144076,0.020762195819144076,True
pounds,lasso_panel,categorical__fips_27015,-0.01927441322492475,0.01927441322492475,True
pounds,lasso_panel,categorical__month_cat_6,-0.013392407171276344,0.013392407171276344,True
pounds,lasso_panel,numeric__pounds_yoy_growth,0.012556496147955402,0.012556496147955402,True
pounds,lasso_panel,categorical__month_cat_4,0.011068911180951565,0.011068911180951565,True
pounds,lasso_panel,categorical__fips_27165,-0.01016030153676094,0.01016030153676094,True
pounds,lasso_panel,numeric__individuals_per_visit_lag_1,0.009400438358991826,0.009400438358991826,True
pounds,lasso_panel,numeric__visits_lag_12,-0.00932086682114628,0.00932086682114628,True
pounds,lasso_panel,numeric__pounds_historical_month_ratio,-0.008473627187429708,0.008473627187429708,True
pounds,lasso_panel,categorical__month_cat_10,0.007922330731448999,0.007922330731448999,True
pounds,lasso_panel,numeric__month_cos,0.005291787888743428,0.005291787888743428,True
pounds,lasso_panel,numeric__visits_lag_1,-0.004924707654710593,0.004924707654710593,True
pounds,lasso_panel,numeric__pounds_rolling_median_3,0.002376037365190971,0.002376037365190971,True
pounds,lasso_panel,numeric__n_sites_missing_lag_1,0.000346630087415909,0.000346630087415909,True
pounds,lasso_panel,numeric__pounds_lag_1,-0.0,0.0,False
pounds,lasso_panel,numeric__pounds_lag_12,-0.0,0.0,False
pounds,lasso_panel,numeric__pounds_rolling_mean_3,0.0,0.0,False
pounds,lasso_panel,numeric__pounds_rolling_mean_6,0.0,0.0,False
pounds,lasso_panel,numeric__pounds_rolling_mean_12,-0.0,0.0,False
pounds,lasso_panel,numeric__individuals_lag_1,0.0,0.0,False
pounds,lasso_panel,numeric__individuals_lag_12,0.0,0.0,False
pounds,lasso_panel,numeric__n_sites_reported_lag_1,0.0,0.0,False
pounds,lasso_panel,numeric__reporting_rate_lag_1,0.0,0.0,False
pounds,lasso_panel,categorical__fips_27009,-0.0,0.0,False
pounds,lasso_panel,categorical__fips_27039,0.0,0.0,False
pounds,lasso_panel,categorical__fips_27047,0.0,0.0,False
pounds,lasso_panel,categorical__fips_27071,-0.0,0.0,False
pounds,lasso_panel,categorical__fips_27093,-0.0,0.0,False
pounds,lasso_panel,categorical__fips_27113,0.0,0.0,False
pounds,lasso_panel,categorical__fips_27117,0.0,0.0,False
pounds,lasso_panel,categorical__fips_27123,-0.0,0.0,False
pounds,lasso_panel,categorical__month_cat_1,-0.0,0.0,False
pounds,lasso_panel,categorical__month_cat_12,-0.0,0.0,False
pounds,lasso_panel,categorical__month_cat_3,-0.0,0.0,False
pounds,lasso_panel,categorical__month_cat_5,0.0,0.0,False
pounds,lasso_panel,categorical__month_cat_7,-0.0,0.0,False
pounds,lasso_panel,categorical__month_cat_8,0.0,0.0,False
pounds,ridge_panel,categorical__fips_27053,-2.6902334892934214,2.6902334892934214,True
pounds,ridge_panel,categorical__fips_27107,-2.205394729723015,2.205394729723015,True
pounds,ridge_panel,categorical__fips_27081,-2.148695935751395,2.148695935751395,True
pounds,ridge_panel,categorical__fips_27073,-2.073494504566759,2.073494504566759,True
pounds,ridge_panel,categorical__fips_27109,2.0142015217850386,2.0142015217850386,True
pounds,ridge_panel,categorical__fips_27155,-1.9111472151692674,1.9111472151692674,True
pounds,ridge_panel,categorical__fips_27163,1.8866990877142036,1.8866990877142036,True
pounds,ridge_panel,categorical__fips_27003,1.8598776082762096,1.8598776082762096,True
pounds,ridge_panel,categorical__fips_27137,1.7894352071640909,1.7894352071640909,True
pounds,ridge_panel,categorical__fips_27013,1.7555760002965581,1.7555760002965581,True
pounds,ridge_panel,categorical__fips_27037,1.7544924699445197,1.7544924699445197,True
pounds,ridge_panel,categorical__fips_27077,-1.7508611923608897,1.7508611923608897,True
pounds,ridge_panel,categorical__fips_27131,1.7043563640115678,1.7043563640115678,True
pounds,ridge_panel,categorical__fips_27145,1.666582353193018,1.666582353193018,True
pounds,ridge_panel,categorical__fips_27147,1.580299500437799,1.580299500437799,True
pounds,ridge_panel,categorical__fips_27011,-1.5586957631067337,1.5586957631067337,True
pounds,ridge_panel,categorical__fips_27125,-1.5015856019744147,1.5015856019744147,True
pounds,ridge_panel,categorical__fips_27171,1.4618375531301755,1.4618375531301755,True
pounds,ridge_panel,categorical__fips_27141,1.4393780114019172,1.4393780114019172,True
pounds,ridge_panel,categorical__fips_27051,-1.403101055133348,1.403101055133348,True
pounds,ridge_panel,categorical__fips_27151,-1.3584285379320846,1.3584285379320846,True
pounds,ridge_panel,categorical__fips_27069,-1.2780636223604973,1.2780636223604973,True
pounds,ridge_panel,categorical__fips_27019,1.2606262443204341,1.2606262443204341,True
pounds,ridge_panel,categorical__fips_27089,-1.2500672501149612,1.2500672501149612,True
pounds,ridge_panel,categorical__fips_27121,-1.2258135087545599,1.2258135087545599,True
pounds,ridge_panel,categorical__fips_27133,-1.2125421316633673,1.2125421316633673,True
pounds,ridge_panel,categorical__fips_27101,-1.1574631891460607,1.1574631891460607,True
pounds,ridge_panel,categorical__fips_27135,-1.110507745149801,1.110507745149801,True
pounds,ridge_panel,categorical__fips_27123,1.1100594990725754,1.1100594990725754,True
pounds,ridge_panel,categorical__fips_27023,-1.0604190316527144,1.0604190316527144,True
pounds,ridge_panel,categorical__fips_27149,-1.0313703629272886,1.0313703629272886,True
pounds,ridge_panel,categorical__fips_27035,1.0216819777707729,1.0216819777707729,True
pounds,ridge_panel,categorical__fips_27007,0.9351620613253079,0.9351620613253079,True
pounds,ridge_panel,categorical__fips_27061,0.8921304280679873,0.8921304280679873,True
pounds,ridge_panel,categorical__fips_27027,0.8741384237824535,0.8741384237824535,True
pounds,ridge_panel,categorical__fips_27139,0.8531643742653603,0.8531643742653603,True
pounds,ridge_panel,categorical__fips_27029,-0.8135307231376184,0.8135307231376184,True
pounds,ridge_panel,categorical__fips_27025,0.8006257593672086,0.8006257593672086,True
pounds,ridge_panel,categorical__fips_27031,-0.7735162234459608,0.7735162234459608,True
pounds,ridge_panel,categorical__fips_27111,0.7125696461639404,0.7125696461639404,True
pounds,ridge_panel,categorical__fips_27173,-0.6938729707317579,0.6938729707317579,True
pounds,ridge_panel,numeric__pounds_state_share_lag_1,0.6841406017105202,0.6841406017105202,True
pounds,ridge_panel,categorical__fips_27021,0.6763553749607668,0.6763553749607668,True
pounds,ridge_panel,categorical__fips_27085,0.6688292237112242,0.6688292237112242,True
pounds,ridge_panel,categorical__fips_27169,0.6605793314016862,0.6605793314016862,True
pounds,ridge_panel,categorical__fips_27059,0.6426213298963226,0.6426213298963226,True
pounds,ridge_panel,categorical__fips_27159,-0.6224767618875657,0.6224767618875657,True
pounds,ridge_panel,categorical__fips_27075,-0.5934960333105705,0.5934960333105705,True
pounds,ridge_panel,categorical__fips_27043,-0.5718632819998406,0.5718632819998406,True
pounds,ridge_panel,categorical__fips_27049,0.5612004450180778,0.5612004450180778,True
pounds,ridge_panel,categorical__fips_27095,0.5447460871274202,0.5447460871274202,True
pounds,ridge_panel,categorical__fips_27157,0.540573466961643,0.540573466961643,True
pounds,ridge_panel,categorical__fips_27103,-0.5070874497305434,0.5070874497305434,True
pounds,ridge_panel,categorical__fips_27129,0.48779782212923906,0.48779782212923906,True
pounds,ridge_panel,categorical__fips_27067,0.48256233171936114,0.48256233171936114,True
pounds,ridge_panel,categorical__fips_27099,0.476688267518337,0.476688267518337,True
pounds,ridge_panel,categorical__fips_27001,-0.4760915040740164,0.4760915040740164,True
pounds,ridge_panel,categorical__fips_27033,-0.45894366061099173,0.45894366061099173,True
pounds,ridge_panel,categorical__fips_27087,-0.4579478169336636,0.4579478169336636,True
pounds,ridge_panel,categorical__fips_27105,-0.4526536303402583,0.4526536303402583,True
pounds,ridge_panel,categorical__fips_27041,0.44467964600056736,0.44467964600056736,True
pounds,ridge_panel,categorical__fips_27119,0.4091956358787945,0.4091956358787945,True
pounds,ridge_panel,categorical__fips_27005,0.4067047687585297,0.4067047687585297,True
pounds,ridge_panel,categorical__fips_27057,0.3829226855918945,0.3829226855918945,True
pounds,ridge_panel,categorical__fips_27045,-0.3375913332996056,0.3375913332996056,True
pounds,ridge_panel,categorical__fips_27115,0.3261259344293536,0.3261259344293536,True
pounds,ridge_panel,categorical__fips_27065,-0.31867364245172985,0.31867364245172985,True
pounds,ridge_panel,categorical__fips_27097,0.31321396915262173,0.31321396915262173,True
pounds,ridge_panel,categorical__fips_27079,0.2737924662190914,0.2737924662190914,True
pounds,ridge_panel,categorical__fips_27143,-0.26343580791718263,0.26343580791718263,True
pounds,ridge_panel,categorical__fips_27127,-0.24001171354246878,0.24001171354246878,True
pounds,ridge_panel,categorical__fips_27017,0.2397757243690366,0.2397757243690366,True
pounds,ridge_panel,numeric__individuals_lag_1,0.21937870291000994,0.21937870291000994,True
pounds,ridge_panel,categorical__fips_27091,0.2171132047308603,0.2171132047308603,True
pounds,ridge_panel,categorical__fips_27063,-0.2036504141167999,0.2036504141167999,True
pounds,ridge_panel,numeric__pounds_lag_1,-0.19388548219075574,0.19388548219075574,True
pounds,ridge_panel,categorical__fips_27161,-0.16648870566702603,0.16648870566702603,True
pounds,ridge_panel,numeric__visits_lag_1,-0.1550385598401539,0.1550385598401539,True
pounds,ridge_panel,categorical__fips_27153,-0.14297823577069652,0.14297823577069652,True
pounds,ridge_panel,numeric__n_sites_reported_lag_1,0.12796390896090837,0.12796390896090837,True
pounds,ridge_panel,numeric__n_sites_lag_1,0.127209086143481,0.127209086143481,True
pounds,ridge_panel,categorical__fips_27015,-0.12631562282056433,0.12631562282056433,True
pounds,ridge_panel,categorical__fips_27083,0.11487944246957801,0.11487944246957801,True
pounds,ridge_panel,numeric__pounds_lag_3,0.1128191694140011,0.1128191694140011,True
pounds,ridge_panel,categorical__fips_27055,-0.10945248683165418,0.10945248683165418,True
pounds,ridge_panel,numeric__pounds_lag_2,0.1068135189762948,0.1068135189762948,True
pounds,ridge_panel,numeric__time_index,0.106007872078405,0.106007872078405,True
pounds,ridge_panel,categorical__fips_27047,0.09858423303245832,0.09858423303245832,True
pounds,ridge_panel,numeric__pounds_rolling_mean_6,-0.09403133450142141,0.09403133450142141,True
pounds,ridge_panel,categorical__fips_27165,-0.09229381682704649,0.09229381682704649,True
pounds,ridge_panel,categorical__fips_27093,-0.09221868771509299,0.09221868771509299,True
pounds,ridge_panel,categorical__month_cat_2,-0.08822006563319368,0.08822006563319368,True
pounds,ridge_panel,categorical__fips_27039,0.08429748865024224,0.08429748865024224,True
pounds,ridge_panel,numeric__pounds_rolling_median_3,0.07421535308412709,0.07421535308412709,True
pounds,ridge_panel,categorical__month_cat_11,0.06597585984754722,0.06597585984754722,True
pounds,ridge_panel,numeric__visits_lag_12,-0.06202478418229705,0.06202478418229705,True
pounds,ridge_panel,numeric__pounds_per_visit_lag_1,0.05913612293748306,0.05913612293748306,True
pounds,ridge_panel,numeric__pounds_lag_6,-0.05878756016138593,0.05878756016138593,True
pounds,ridge_panel,numeric__pounds_ytd_growth,0.05043406188181486,0.05043406188181486,True
pounds,ridge_panel,categorical__month_cat_9,-0.049348624380799136,0.049348624380799136,True
pounds,ridge_panel,numeric__month_sin,-0.043642091330397634,0.043642091330397634,True
pounds,ridge_panel,numeric__individuals_lag_12,0.04062377139822011,0.04062377139822011,True
pounds,ridge_panel,categorical__fips_27071,0.035794884916960076,0.035794884916960076,True
pounds,ridge_panel,categorical__month_cat_4,0.03526177447280357,0.03526177447280357,True
pounds,ridge_panel,categorical__month_cat_5,0.02081376959024215,0.02081376959024215,True
pounds,ridge_panel,numeric__pounds_lag_12,0.0171911232332319,0.0171911232332319,True
pounds,ridge_panel,numeric__pounds_rolling_mean_12,-0.01686017600834499,0.01686017600834499,True
pounds,ridge_panel,numeric__pounds_yoy_growth,0.01679736830023795,0.01679736830023795,True
pounds,ridge_panel,categorical__month_cat_6,-0.016201242256077567,0.016201242256077567,True
pounds,ridge_panel,categorical__month_cat_10,0.015264530505693005,0.015264530505693005,True
pounds,ridge_panel,numeric__pounds_historical_month_ratio,-0.012912831045942376,0.012912831045942376,True
pounds,ridge_panel,numeric__pounds_rolling_mean_3,-0.012607594188273834,0.012607594188273834,True
pounds,ridge_panel,categorical__fips_27113,-0.01200721439111053,0.01200721439111053,True
pounds,ridge_panel,numeric__individuals_per_visit_lag_1,-0.010764236722362272,0.010764236722362272,True
pounds,ridge_panel,numeric__month_cos,0.008814590802788,0.008814590802788,True
pounds,ridge_panel,categorical__fips_27009,-0.008766518749070182,0.008766518749070182,True
pounds,ridge_panel,categorical__month_cat_8,0.008163550844327296,0.008163550844327296,True
pounds,ridge_panel,categorical__month_cat_3,0.005848602379816352,0.005848602379816352,True
pounds,ridge_panel,categorical__month_cat_12,0.004325764263669727,0.004325764263669727,True
pounds,ridge_panel,categorical__month_cat_7,-0.0036942901547418468,0.0036942901547418468,True
pounds,ridge_panel,numeric__n_sites_missing_lag_1,-0.0029295915907911253,0.0029295915907911253,True
pounds,ridge_panel,categorical__month_cat_1,0.001810370520754118,0.001810370520754118,True
pounds,ridge_panel,categorical__fips_27117,0.0013212669482201764,0.0013212669482201764,True
pounds,ridge_panel,numeric__reporting_rate_lag_1,-0.0006932776345210142,0.0006932776345210142,True
visits,elastic_net_panel,categorical__fips_27053,-2.46114789118628,2.46114789118628,True
visits,elastic_net_panel,categorical__fips_27107,-2.1052316610014383,2.1052316610014383,True
visits,elastic_net_panel,categorical__fips_27109,2.030557474315049,2.030557474315049,True
visits,elastic_net_panel,categorical__fips_27073,-1.9794051643703188,1.9794051643703188,True
visits,elastic_net_panel,categorical__fips_27163,1.9548919384753216,1.9548919384753216,True
visits,elastic_net_panel,categorical__fips_27003,1.8996191063422434,1.8996191063422434,True
visits,elastic_net_panel,categorical__fips_27155,-1.777028571275723,1.777028571275723,True
visits,elastic_net_panel,categorical__fips_27013,1.7235464536805938,1.7235464536805938,True
visits,elastic_net_panel,categorical__fips_27147,1.7218183417641804,1.7218183417641804,True
visits,elastic_net_panel,categorical__fips_27131,1.6863845813899399,1.6863845813899399,True
visits,elastic_net_panel,categorical__fips_27011,-1.61810173670246,1.61810173670246,True
visits,elastic_net_panel,categorical__fips_27137,1.607855388185184,1.607855388185184,True
visits,elastic_net_panel,categorical__fips_27077,-1.5511225256316774,1.5511225256316774,True
visits,elastic_net_panel,categorical__fips_27037,1.544989603322782,1.544989603322782,True
visits,elastic_net_panel,categorical__fips_27121,-1.5226877208935459,1.5226877208935459,True
visits,elastic_net_panel,categorical__fips_27051,-1.5107626994731922,1.5107626994731922,True
visits,elastic_net_panel,categorical__fips_27141,1.36987505489707,1.36987505489707,True
visits,elastic_net_panel,categorical__fips_27125,-1.364641012911827,1.364641012911827,True
visits,elastic_net_panel,categorical__fips_27081,-1.3603063078227846,1.3603063078227846,True
visits,elastic_net_panel,categorical__fips_27145,1.2868608053163468,1.2868608053163468,True
visits,elastic_net_panel,categorical__fips_27089,-1.2482788699679312,1.2482788699679312,True
visits,elastic_net_panel,categorical__fips_27069,-1.2265265086749817,1.2265265086749817,True
visits,elastic_net_panel,categorical__fips_27101,-1.1329099595087582,1.1329099595087582,True
visits,elastic_net_panel,categorical__fips_27171,1.127936142068639,1.127936142068639,True
visits,elastic_net_panel,categorical__fips_27151,-1.1086342856092437,1.1086342856092437,True
visits,elastic_net_panel,categorical__fips_27135,-1.0760550994147045,1.0760550994147045,True
visits,elastic_net_panel,categorical__fips_27133,-1.0441091063205625,1.0441091063205625,True
visits,elastic_net_panel,categorical__fips_27019,1.0027778906585594,1.0027778906585594,True
visits,elastic_net_panel,categorical__fips_27035,0.9354075204066572,0.9354075204066572,True
visits,elastic_net_panel,categorical__fips_27027,0.901045805008159,0.901045805008159,True
visits,elastic_net_panel,categorical__fips_27149,-0.8352640841172725,0.8352640841172725,True
visits,elastic_net_panel,categorical__fips_27169,0.8029087389498252,0.8029087389498252,True
visits,elastic_net_panel,categorical__fips_27173,-0.7883379826647984,0.7883379826647984,True
visits,elastic_net_panel,categorical__fips_27025,0.7840683346035068,0.7840683346035068,True
visits,elastic_net_panel,categorical__fips_27085,0.7507591686072912,0.7507591686072912,True
visits,elastic_net_panel,categorical__fips_27029,-0.7453910957660727,0.7453910957660727,True
visits,elastic_net_panel,categorical__fips_27123,0.7392613556718252,0.7392613556718252,True
visits,elastic_net_panel,categorical__fips_27007,0.7391658416205245,0.7391658416205245,True
visits,elastic_net_panel,categorical__fips_27023,-0.7225981336305016,0.7225981336305016,True
visits,elastic_net_panel,categorical__fips_27159,-0.6959541333995964,0.6959541333995964,True
visits,elastic_net_panel,categorical__fips_27061,0.6845716485377977,0.6845716485377977,True
visits,elastic_net_panel,categorical__fips_27129,0.6706781534294808,0.6706781534294808,True
visits,elastic_net_panel,categorical__fips_27099,0.6582034750430744,0.6582034750430744,True
visits,elastic_net_panel,categorical__fips_27059,0.6582018846155171,0.6582018846155171,True
visits,elastic_net_panel,categorical__fips_27103,-0.6386859639646288,0.6386859639646288,True
visits,elastic_net_panel,categorical__fips_27031,-0.5739738393138705,0.5739738393138705,True
visits,elastic_net_panel,categorical__fips_27105,-0.56858588759647,0.56858588759647,True
visits,elastic_net_panel,categorical__fips_27139,0.5680847398218954,0.5680847398218954,True
visits,elastic_net_panel,categorical__fips_27049,0.5616204246713832,0.5616204246713832,True
visits,elastic_net_panel,categorical__fips_27127,-0.5365206408719078,0.5365206408719078,True
visits,elastic_net_panel,categorical__fips_27095,0.51666529629913,0.51666529629913,True
visits,elastic_net_panel,categorical__fips_27021,0.5025792463391262,0.5025792463391262,True
visits,elastic_net_panel,categorical__fips_27063,-0.49065687430957344,0.49065687430957344,True
visits,elastic_net_panel,categorical__fips_27033,-0.485398758913821,0.485398758913821,True
visits,elastic_net_panel,categorical__fips_27075,-0.4710911972297188,0.4710911972297188,True
visits,elastic_net_panel,categorical__fips_27111,0.4501725956854334,0.4501725956854334,True
visits,elastic_net_panel,categorical__fips_27067,0.41959217790080516,0.41959217790080516,True
visits,elastic_net_panel,categorical__fips_27015,-0.4054709031480072,0.4054709031480072,True
visits,elastic_net_panel,numeric__visits_state_share_lag_1,0.3945699069064621,0.3945699069064621,True
visits,elastic_net_panel,categorical__fips_27115,0.3929807321092944,0.3929807321092944,True
visits,elastic_net_panel,categorical__fips_27001,-0.3772928637773018,0.3772928637773018,True
visits,elastic_net_panel,categorical__fips_27143,-0.3760170363564705,0.3760170363564705,True
visits,elastic_net_panel,categorical__fips_27113,-0.35358208765473653,0.35358208765473653,True
visits,elastic_net_panel,categorical__fips_27087,-0.34834486125154934,0.34834486125154934,True
visits,elastic_net_panel,categorical__fips_27043,-0.33825663510052456,0.33825663510052456,True
visits,elastic_net_panel,categorical__fips_27157,0.3292931962352561,0.3292931962352561,True
visits,elastic_net_panel,categorical__fips_27153,-0.32470101271322815,0.32470101271322815,True
visits,elastic_net_panel,categorical__fips_27039,0.31055020250936255,0.31055020250936255,True
visits,elastic_net_panel,categorical__fips_27045,-0.304380657349813,0.304380657349813,True
visits,elastic_net_panel,categorical__fips_27047,0.2768785325506174,0.2768785325506174,True
visits,elastic_net_panel,numeric__visits_lag_1,-0.26770336655095,0.26770336655095,True
visits,elastic_net_panel,numeric__n_sites_lag_1,0.2625745142184692,0.2625745142184692,True
visits,elastic_net_panel,categorical__fips_27165,-0.25809172061475577,0.25809172061475577,True
visits,elastic_net_panel,numeric__n_sites_reported_lag_1,0.2525302529253555,0.2525302529253555,True
visits,elastic_net_panel,categorical__fips_27079,0.2385781392176862,0.2385781392176862,True
visits,elastic_net_panel,numeric__individuals_lag_1,0.23472175929543568,0.23472175929543568,True
visits,elastic_net_panel,categorical__fips_27065,-0.22250621542248744,0.22250621542248744,True
visits,elastic_net_panel,categorical__fips_27017,0.21329053263988856,0.21329053263988856,True
visits,elastic_net_panel,numeric__pounds_lag_1,0.18298230699599238,0.18298230699599238,True
visits,elastic_net_panel,categorical__fips_27055,0.17974696802571105,0.17974696802571105,True
visits,elastic_net_panel,categorical__fips_27057,0.17523037245194373,0.17523037245194373,True
visits,elastic_net_panel,categorical__fips_27041,0.17196534594525525,0.17196534594525525,True
visits,elastic_net_panel,categorical__fips_27117,-0.16594458981342916,0.16594458981342916,True
visits,elastic_net_panel,categorical__fips_27097,0.16027537118636817,0.16027537118636817,True
visits,elastic_net_panel,numeric__time_index,0.14889389607856235,0.14889389607856235,True
visits,elastic_net_panel,categorical__fips_27005,0.13878125528547483,0.13878125528547483,True
visits,elastic_net_panel,categorical__fips_27091,0.13356217764961698,0.13356217764961698,True
visits,elastic_net_panel,numeric__individuals_lag_12,0.13088253831119115,0.13088253831119115,True
visits,elastic_net_panel,numeric__pounds_lag_12,-0.11428626217681875,0.11428626217681875,True
visits,elastic_net_panel,categorical__fips_27119,0.10314311943543766,0.10314311943543766,True
visits,elastic_net_panel,numeric__pounds_per_visit_lag_1,-0.07620971111022688,0.07620971111022688,True
visits,elastic_net_panel,numeric__visits_rolling_mean_6,-0.07527407219644688,0.07527407219644688,True
visits,elastic_net_panel,categorical__month_cat_2,-0.058338966870165786,0.058338966870165786,True
visits,elastic_net_panel,categorical__month_cat_12,-0.05658733185746708,0.05658733185746708,True
visits,elastic_net_panel,categorical__month_cat_11,0.05580305108994213,0.05580305108994213,True
visits,elastic_net_panel,categorical__fips_27071,0.04922557154486323,0.04922557154486323,True
visits,elastic_net_panel,numeric__individuals_per_visit_lag_1,0.04788057981667565,0.04788057981667565,True
visits,elastic_net_panel,numeric__visits_ytd_growth,0.04695651154503926,0.04695651154503926,True
visits,elastic_net_panel,numeric__visits_rolling_mean_12,-0.044606708781471736,0.044606708781471736,True
visits,elastic_net_panel,categorical__fips_27083,0.04287851528252036,0.04287851528252036,True
visits,elastic_net_panel,categorical__month_cat_10,0.025717412604547907,0.025717412604547907,True
visits,elastic_net_panel,numeric__visits_historical_month_ratio,-0.023788241186366067,0.023788241186366067,True
visits,elastic_net_panel,numeric__month_sin,-0.02320160723402178,0.02320160723402178,True
visits,elastic_net_panel,categorical__fips_27009,0.02166187967543997,0.02166187967543997,True
visits,elastic_net_panel,numeric__visits_yoy_growth,0.02030829323218124,0.02030829323218124,True
visits,elastic_net_panel,numeric__visits_lag_12,-0.018931345620061612,0.018931345620061612,True
visits,elastic_net_panel,categorical__month_cat_6,0.01866933279737353,0.01866933279737353,True
visits,elastic_net_panel,categorical__fips_27161,0.015335385398784393,0.015335385398784393,True
visits,elastic_net_panel,categorical__month_cat_9,-0.013579843385625404,0.013579843385625404,True
visits,elastic_net_panel,categorical__month_cat_3,-0.0115577097538194,0.0115577097538194,True
visits,elastic_net_panel,numeric__visits_lag_3,-0.007893207292867722,0.007893207292867722,True
visits,elastic_net_panel,numeric__n_sites_missing_lag_1,0.0078083281413678565,0.0078083281413678565,True
visits,elastic_net_panel,categorical__month_cat_1,0.00385200556151494,0.00385200556151494,True
visits,elastic_net_panel,categorical__month_cat_4,0.0028356681148228864,0.0028356681148228864,True
visits,elastic_net_panel,categorical__month_cat_7,-0.0010762155603796111,0.0010762155603796111,True
visits,elastic_net_panel,numeric__reporting_rate_lag_1,0.0009722314006115384,0.0009722314006115384,True
visits,elastic_net_panel,numeric__visits_lag_2,0.0,0.0,False
visits,elastic_net_panel,numeric__visits_lag_6,-0.0,0.0,False
visits,elastic_net_panel,numeric__visits_rolling_mean_3,0.0,0.0,False
visits,elastic_net_panel,numeric__visits_rolling_median_3,0.0,0.0,False
visits,elastic_net_panel,numeric__month_cos,-0.0,0.0,False
visits,elastic_net_panel,categorical__fips_27093,0.0,0.0,False
visits,elastic_net_panel,categorical__month_cat_5,0.0,0.0,False
visits,elastic_net_panel,categorical__month_cat_8,0.0,0.0,False
visits,lasso_panel,categorical__fips_27053,-4.654276428189634,4.654276428189634,True
visits,lasso_panel,categorical__fips_27107,-2.193634491580313,2.193634491580313,True
visits,lasso_panel,categorical__fips_27163,2.111197281501854,2.111197281501854,True
visits,lasso_panel,categorical__fips_27073,-2.067013648700822,2.067013648700822,True
visits,lasso_panel,categorical__fips_27003,1.9481145033074723,1.9481145033074723,True
visits,lasso_panel,categorical__fips_27109,1.8793770307492919,1.8793770307492919,True
visits,lasso_panel,categorical__fips_27155,-1.8529491480001745,1.8529491480001745,True
visits,lasso_panel,categorical__fips_27147,1.762401064455426,1.762401064455426,True
visits,lasso_panel,categorical__fips_27013,1.7112138995170731,1.7112138995170731,True
visits,lasso_panel,categorical__fips_27011,-1.6674280940630903,1.6674280940630903,True
visits,lasso_panel,categorical__fips_27131,1.6658076894428009,1.6658076894428009,True
visits,lasso_panel,categorical__fips_27121,-1.6075026217444082,1.6075026217444082,True
visits,lasso_panel,categorical__fips_27077,-1.6019322024348015,1.6019322024348015,True
visits,lasso_panel,categorical__fips_27051,-1.5905594950442459,1.5905594950442459,True
visits,lasso_panel,categorical__fips_27125,-1.4249295100950512,1.4249295100950512,True
visits,lasso_panel,categorical__fips_27081,-1.3916568744991897,1.3916568744991897,True
visits,lasso_panel,categorical__fips_27089,-1.3414035713595904,1.3414035713595904,True
visits,lasso_panel,categorical__fips_27141,1.310709631798225,1.310709631798225,True
visits,lasso_panel,categorical__fips_27069,-1.2721358473060564,1.2721358473060564,True
visits,lasso_panel,categorical__fips_27137,1.240622276747299,1.240622276747299,True
visits,lasso_panel,categorical__fips_27101,-1.1643898181640016,1.1643898181640016,True
visits,lasso_panel,categorical__fips_27151,-1.1052267097535144,1.1052267097535144,True
visits,lasso_panel,categorical__fips_27037,1.0961093760965885,1.0961093760965885,True
visits,lasso_panel,categorical__fips_27135,-1.0896891870366452,1.0896891870366452,True
visits,lasso_panel,categorical__fips_27133,-1.026685092996268,1.026685092996268,True
visits,lasso_panel,categorical__fips_27145,1.008410332118365,1.008410332118365,True
visits,lasso_panel,categorical__fips_27171,0.9701511287129743,0.9701511287129743,True
visits,lasso_panel,categorical__fips_27019,0.917553898115758,0.917553898115758,True
visits,lasso_panel,categorical__fips_27149,-0.8126160857467365,0.8126160857467365,True
visits,lasso_panel,categorical__fips_27173,-0.8087521000264084,0.8087521000264084,True
visits,lasso_panel,categorical__fips_27169,0.756718061425942,0.756718061425942,True
visits,lasso_panel,categorical__fips_27035,0.7547637643088002,0.7547637643088002,True
visits,lasso_panel,categorical__fips_27159,-0.7449859961179999,0.7449859961179999,True
visits,lasso_panel,numeric__n_sites_lag_1,0.7416771002805437,0.7416771002805437,True
visits,lasso_panel,categorical__fips_27029,-0.7279434366056992,0.7279434366056992,True
visits,lasso_panel,categorical__fips_27027,0.7040726160156293,0.7040726160156293,True
visits,lasso_panel,categorical__fips_27023,-0.6963978447808311,0.6963978447808311,True
visits,lasso_panel,categorical__fips_27085,0.6890946275005233,0.6890946275005233,True
visits,lasso_panel,categorical__fips_27025,0.6568197033406682,0.6568197033406682,True
visits,lasso_panel,categorical__fips_27129,0.6380652246387739,0.6380652246387739,True
visits,lasso_panel,categorical__fips_27059,0.6293675015888699,0.6293675015888699,True
visits,lasso_panel,categorical__fips_27007,0.6261490953195458,0.6261490953195458,True
visits,lasso_panel,categorical__fips_27103,-0.6095405087717999,0.6095405087717999,True
visits,lasso_panel,categorical__fips_27031,-0.5960380023299433,0.5960380023299433,True
visits,lasso_panel,categorical__fips_27127,-0.5537855151299769,0.5537855151299769,True
visits,lasso_panel,categorical__fips_27099,0.55095030500033,0.55095030500033,True
visits,lasso_panel,categorical__fips_27105,-0.5282628610208812,0.5282628610208812,True
visits,lasso_panel,categorical__fips_27063,-0.4985964947497933,0.4985964947497933,True
visits,lasso_panel,categorical__fips_27075,-0.488000238413133,0.488000238413133,True
visits,lasso_panel,categorical__fips_27033,-0.47811977720740906,0.47811977720740906,True
visits,lasso_panel,categorical__fips_27049,0.45841409899010194,0.45841409899010194,True
visits,lasso_panel,categorical__fips_27001,-0.4482404867770353,0.4482404867770353,True
visits,lasso_panel,categorical__fips_27061,0.4412853226344215,0.4412853226344215,True
visits,lasso_panel,categorical__fips_27015,-0.44096787865451365,0.44096787865451365,True
visits,lasso_panel,categorical__fips_27139,0.41391294360458114,0.41391294360458114,True
visits,lasso_panel,categorical__fips_27095,0.3730176187787913,0.3730176187787913,True
visits,lasso_panel,categorical__fips_27067,0.3670001981051262,0.3670001981051262,True
visits,lasso_panel,categorical__fips_27143,-0.3659203338921703,0.3659203338921703,True
visits,lasso_panel,categorical__fips_27045,-0.3407086696612914,0.3407086696612914,True
visits,lasso_panel,categorical__fips_27153,-0.3293627249506432,0.3293627249506432,True
visits,lasso_panel,categorical__fips_27043,-0.328770542605575,0.328770542605575,True
visits,lasso_panel,categorical__fips_27087,-0.3260962534402733,0.3260962534402733,True
visits,lasso_panel,categorical__fips_27113,-0.32467852376634493,0.32467852376634493,True
visits,lasso_panel,numeric__pounds_lag_1,0.31764705599596194,0.31764705599596194,True
visits,lasso_panel,categorical__fips_27115,0.3173549555401217,0.3173549555401217,True
visits,lasso_panel,categorical__fips_27021,0.2832207964799336,0.2832207964799336,True
visits,lasso_panel,categorical__fips_27111,0.25803842964379553,0.25803842964379553,True
visits,lasso_panel,categorical__fips_27039,0.25338166078284835,0.25338166078284835,True
visits,lasso_panel,numeric__visits_state_share_lag_1,0.24210068459678158,0.24210068459678158,True
visits,lasso_panel,categorical__fips_27065,-0.20467241392627986,0.20467241392627986,True
visits,lasso_panel,categorical__fips_27157,0.19089914305163888,0.19089914305163888,True
visits,lasso_panel,categorical__fips_27165,-0.1768194705302601,0.1768194705302601,True
visits,lasso_panel,categorical__fips_27047,0.174489147058795,0.174489147058795,True
visits,lasso_panel,numeric__time_index,0.15042533695508029,0.15042533695508029,True
visits,lasso_panel,categorical__fips_27117,-0.11176583851739924,0.11176583851739924,True
visits,lasso_panel,numeric__visits_rolling_mean_12,-0.09710851361017281,0.09710851361017281,True
visits,lasso_panel,categorical__fips_27079,0.09489590783770645,0.09489590783770645,True
visits,lasso_panel,categorical__fips_27017,0.07713024897691327,0.07713024897691327,True
visits,lasso_panel,categorical__fips_27055,0.0741159597787468,0.0741159597787468,True
visits,lasso_panel,categorical__fips_27005,0.06755369667391539,0.06755369667391539,True
visits,lasso_panel,numeric__pounds_per_visit_lag_1,-0.06224980712598688,0.06224980712598688,True
visits,lasso_panel,categorical__fips_27041,0.06030890147920234,0.06030890147920234,True
visits,lasso_panel,categorical__fips_27057,0.05612253862927245,0.05612253862927245,True
visits,lasso_panel,categorical__month_cat_12,-0.0481731287202041,0.0481731287202041,True
visits,lasso_panel,numeric__visits_ytd_growth,0.043544771788874274,0.043544771788874274,True
visits,lasso_panel,categorical__month_cat_11,0.042119981350811124,0.042119981350811124,True
visits,lasso_panel,categorical__month_cat_2,-0.04108349896272974,0.04108349896272974,True
visits,lasso_panel,categorical__fips_27097,0.03935929230969842,0.03935929230969842,True
visits,lasso_panel,numeric__individuals_per_visit_lag_1,0.03317956649590214,0.03317956649590214,True
visits,lasso_panel,categorical__fips_27091,0.03175362277471223,0.03175362277471223,True
visits,lasso_panel,numeric__month_sin,-0.024727746085497687,0.024727746085497687,True
visits,lasso_panel,numeric__visits_rolling_mean_6,-0.02379256499826508,0.02379256499826508,True
visits,lasso_panel,numeric__visits_historical_month_ratio,-0.020923205483910683,0.020923205483910683,True
visits,lasso_panel,numeric__pounds_lag_12,-0.019361712105346776,0.019361712105346776,True
visits,lasso_panel,numeric__visits_yoy_growth,0.016272304092966643,0.016272304092966643,True
visits,lasso_panel,categorical__month_cat_10,0.013059435510241267,0.013059435510241267,True
visits,lasso_panel,categorical__month_cat_6,0.009047352606622826,0.009047352606622826,True
visits,lasso_panel,categorical__month_cat_9,-0.00894222286288973,0.00894222286288973,True
visits,lasso_panel,categorical__fips_27071,-0.004546699501937352,0.004546699501937352,True
visits,lasso_panel,numeric__n_sites_missing_lag_1,0.003433695423961486,0.003433695423961486,True
visits,lasso_panel,numeric__month_cos,-0.0024527408755852394,0.0024527408755852394,True
visits,lasso_panel,numeric__reporting_rate_lag_1,0.0012960105756558958,0.0012960105756558958,True
visits,lasso_panel,numeric__individuals_lag_12,0.000680815149271557,0.000680815149271557,True
visits,lasso_panel,numeric__visits_lag_1,-0.0,0.0,False
visits,lasso_panel,numeric__visits_lag_2,-0.0,0.0,False
visits,lasso_panel,numeric__visits_lag_3,-0.0,0.0,False
visits,lasso_panel,numeric__visits_lag_6,-0.0,0.0,False
visits,lasso_panel,numeric__visits_lag_12,0.0,0.0,False
visits,lasso_panel,numeric__visits_rolling_mean_3,-0.0,0.0,False
visits,lasso_panel,numeric__visits_rolling_median_3,-0.0,0.0,False
visits,lasso_panel,numeric__individuals_lag_1,0.0,0.0,False
visits,lasso_panel,numeric__n_sites_reported_lag_1,0.0,0.0,False
visits,lasso_panel,categorical__fips_27009,0.0,0.0,False
visits,lasso_panel,categorical__fips_27083,0.0,0.0,False
visits,lasso_panel,categorical__fips_27093,-0.0,0.0,False
visits,lasso_panel,categorical__fips_27119,-0.0,0.0,False
visits,lasso_panel,categorical__fips_27123,-0.0,0.0,False
visits,lasso_panel,categorical__fips_27161,-0.0,0.0,False
visits,lasso_panel,categorical__month_cat_1,0.0,0.0,False
visits,lasso_panel,categorical__month_cat_3,-0.0,0.0,False
visits,lasso_panel,categorical__month_cat_4,0.0,0.0,False
visits,lasso_panel,categorical__month_cat_5,0.0,0.0,False
visits,lasso_panel,categorical__month_cat_7,-0.0,0.0,False
visits,lasso_panel,categorical__month_cat_8,-0.0,0.0,False
visits,ridge_panel,categorical__fips_27053,-2.555783487033338,2.555783487033338,True
visits,ridge_panel,categorical__fips_27107,-2.1866503607418593,2.1866503607418593,True
visits,ridge_panel,categorical__fips_27163,2.1788998280587863,2.1788998280587863,True
visits,ridge_panel,categorical__fips_27109,2.1422775825640414,2.1422775825640414,True
visits,ridge_panel,categorical__fips_27073,-2.1311723266100437,2.1311723266100437,True
visits,ridge_panel,categorical__fips_27003,2.083583414621435,2.083583414621435,True
visits,ridge_panel,categorical__fips_27155,-1.8692656416047657,1.8692656416047657,True
visits,ridge_panel,categorical__fips_27147,1.8530075815910219,1.8530075815910219,True
visits,ridge_panel,categorical__fips_27131,1.8202088412976092,1.8202088412976092,True
visits,ridge_panel,categorical__fips_27013,1.797438665151186,1.797438665151186,True
visits,ridge_panel,categorical__fips_27137,1.7356901073984574,1.7356901073984574,True
visits,ridge_panel,categorical__fips_27011,-1.7218509247753335,1.7218509247753335,True
visits,ridge_panel,categorical__fips_27121,-1.7176139737069889,1.7176139737069889,True
visits,ridge_panel,categorical__fips_27037,1.700555691635584,1.700555691635584,True
visits,ridge_panel,categorical__fips_27077,-1.6672175336248878,1.6672175336248878,True
visits,ridge_panel,categorical__fips_27051,-1.6274222837125325,1.6274222837125325,True
visits,ridge_panel,categorical__fips_27141,1.4995650874738955,1.4995650874738955,True
visits,ridge_panel,categorical__fips_27125,-1.462045298888356,1.462045298888356,True
visits,ridge_panel,categorical__fips_27081,-1.4508168440782119,1.4508168440782119,True
visits,ridge_panel,categorical__fips_27145,1.384347653024455,1.384347653024455,True
visits,ridge_panel,categorical__fips_27069,-1.316523604659477,1.316523604659477,True
visits,ridge_panel,categorical__fips_27089,-1.3077657685970965,1.3077657685970965,True
visits,ridge_panel,categorical__fips_27171,1.2108689560628452,1.2108689560628452,True
visits,ridge_panel,categorical__fips_27101,-1.1951623069283779,1.1951623069283779,True
visits,ridge_panel,categorical__fips_27151,-1.155717291855249,1.155717291855249,True
visits,ridge_panel,categorical__fips_27135,-1.1116797483912968,1.1116797483912968,True
visits,ridge_panel,categorical__fips_27019,1.0899817799116034,1.0899817799116034,True
visits,ridge_panel,categorical__fips_27133,-1.070020881768736,1.070020881768736,True
visits,ridge_panel,categorical__fips_27027,1.0561261190419033,1.0561261190419033,True
visits,ridge_panel,categorical__fips_27035,1.0480411653704884,1.0480411653704884,True
visits,ridge_panel,categorical__fips_27123,1.0088537992994904,1.0088537992994904,True
visits,ridge_panel,categorical__fips_27149,-0.87036513232929,0.87036513232929,True
visits,ridge_panel,categorical__fips_27169,0.8572185934599345,0.8572185934599345,True
visits,ridge_panel,categorical__fips_27173,-0.8560135361479623,0.8560135361479623,True
visits,ridge_panel,categorical__fips_27025,0.8538660733115601,0.8538660733115601,True
visits,ridge_panel,categorical__fips_27007,0.8320135015313015,0.8320135015313015,True
visits,ridge_panel,categorical__fips_27085,0.8217454961736801,0.8217454961736801,True
visits,ridge_panel,categorical__fips_27061,0.8112221298448533,0.8112221298448533,True
visits,ridge_panel,categorical__fips_27099,0.8005087165594149,0.8005087165594149,True
visits,ridge_panel,categorical__fips_27029,-0.7987108781459162,0.7987108781459162,True
visits,ridge_panel,categorical__fips_27023,-0.7586657951179153,0.7586657951179153,True
visits,ridge_panel,categorical__fips_27129,0.7490221820799219,0.7490221820799219,True
visits,ridge_panel,categorical__fips_27059,0.740423560586635,0.740423560586635,True
visits,ridge_panel,categorical__fips_27159,-0.7146248350726381,0.7146248350726381,True
visits,ridge_panel,categorical__fips_27103,-0.6827379227610911,0.6827379227610911,True
visits,ridge_panel,categorical__fips_27049,0.6557989213311909,0.6557989213311909,True
visits,ridge_panel,categorical__fips_27021,0.6400578889821672,0.6400578889821672,True
visits,ridge_panel,categorical__fips_27139,0.6178037171962659,0.6178037171962659,True
visits,ridge_panel,categorical__fips_27095,0.6123989532642675,0.6123989532642675,True
visits,ridge_panel,categorical__fips_27031,-0.6024167652840441,0.6024167652840441,True
visits,ridge_panel,categorical__fips_27127,-0.5655483247330167,0.5655483247330167,True
visits,ridge_panel,categorical__fips_27105,-0.55650292951706,0.55650292951706,True
visits,ridge_panel,categorical__fips_27111,0.5250278164310868,0.5250278164310868,True
visits,ridge_panel,categorical__fips_27063,-0.5141102969913091,0.5141102969913091,True
visits,ridge_panel,categorical__fips_27075,-0.49988658510707373,0.49988658510707373,True
visits,ridge_panel,categorical__fips_27067,0.48203889972414893,0.48203889972414893,True
visits,ridge_panel,categorical__fips_27015,-0.47919574369000295,0.47919574369000295,True
visits,ridge_panel,numeric__visits_state_share_lag_1,0.4710896554520252,0.4710896554520252,True
visits,ridge_panel,categorical__fips_27033,-0.4707660639912952,0.4707660639912952,True
visits,ridge_panel,numeric__visits_lag_1,-0.4365590795226109,0.4365590795226109,True
visits,ridge_panel,categorical__fips_27113,-0.42758289538931143,0.42758289538931143,True
visits,ridge_panel,categorical__fips_27115,0.4259124213721208,0.4259124213721208,True
visits,ridge_panel,categorical__fips_27143,-0.4175695083166745,0.4175695083166745,True
visits,ridge_panel,categorical__fips_27157,0.400111909031408,0.400111909031408,True
visits,ridge_panel,categorical__fips_27087,-0.38977273460529605,0.38977273460529605,True
visits,ridge_panel,categorical__fips_27039,0.37633809027565396,0.37633809027565396,True
visits,ridge_panel,categorical__fips_27001,-0.3586090335644113,0.3586090335644113,True
visits,ridge_panel,categorical__fips_27047,0.3583056873470628,0.3583056873470628,True
visits,ridge_panel,categorical__fips_27153,-0.3489886266031379,0.3489886266031379,True
visits,ridge_panel,numeric__pounds_lag_1,0.3395023851033559,0.3395023851033559,True
visits,ridge_panel,categorical__fips_27043,-0.3359835822463488,0.3359835822463488,True
visits,ridge_panel,categorical__fips_27079,0.30563550966605224,0.30563550966605224,True
visits,ridge_panel,categorical__fips_27045,-0.3001019414165846,0.3001019414165846,True
visits,ridge_panel,categorical__fips_27017,0.2539500426573835,0.2539500426573835,True
visits,ridge_panel,categorical__fips_27055,0.25025059434395197,0.25025059434395197,True
visits,ridge_panel,categorical__fips_27165,-0.2392205614457623,0.2392205614457623,True
visits,ridge_panel,categorical__fips_27065,-0.23480303212672715,0.23480303212672715,True
visits,ridge_panel,categorical__fips_27117,-0.19915695522938265,0.19915695522938265,True
visits,ridge_panel,numeric__n_sites_reported_lag_1,0.1966734947484641,0.1966734947484641,True
visits,ridge_panel,numeric__n_sites_lag_1,0.19590243099824842,0.19590243099824842,True
visits,ridge_panel,categorical__fips_27057,0.19347096483792037,0.19347096483792037,True
visits,ridge_panel,categorical__fips_27097,0.17851013179746347,0.17851013179746347,True
visits,ridge_panel,numeric__individuals_lag_1,0.16826824623249645,0.16826824623249645,True
visits,ridge_panel,numeric__time_index,0.15638461809962523,0.15638461809962523,True
visits,ridge_panel,categorical__fips_27119,0.14916119868873423,0.14916119868873423,True
visits,ridge_panel,categorical__fips_27005,0.1401548506922569,0.1401548506922569,True
visits,ridge_panel,categorical__fips_27091,0.1371960512564172,0.1371960512564172,True
visits,ridge_panel,numeric__visits_rolling_mean_3,0.1217768614868213,0.1217768614868213,True
visits,ridge_panel,categorical__fips_27071,0.11697475765298163,0.11697475765298163,True
visits,ridge_panel,numeric__visits_rolling_mean_6,-0.11482443878021009,0.11482443878021009,True
visits,ridge_panel,numeric__individuals_lag_12,0.11455701985788054,0.11455701985788054,True
visits,ridge_panel,categorical__fips_27041,0.09880558991110872,0.09880558991110872,True
visits,ridge_panel,numeric__visits_rolling_median_3,0.07703926333450499,0.07703926333450499,True
visits,ridge_panel,numeric__visits_rolling_mean_12,-0.07488236278039836,0.07488236278039836,True
visits,ridge_panel,numeric__pounds_lag_12,-0.07481047118162581,0.07481047118162581,True
visits,ridge_panel,categorical__month_cat_11,0.06317498672986123,0.06317498672986123,True
visits,ridge_panel,categorical__fips_27161,0.06311474921999395,0.06311474921999395,True
visits,ridge_panel,numeric__visits_lag_3,-0.062342876521638724,0.062342876521638724,True
visits,ridge_panel,categorical__fips_27009,0.06207060957985757,0.06207060957985757,True
visits,ridge_panel,categorical__fips_27083,0.054624086158684096,0.054624086158684096,True
visits,ridge_panel,categorical__month_cat_12,-0.04859536089634453,0.04859536089634453,True
visits,ridge_panel,numeric__visits_ytd_growth,0.04435988942022314,0.04435988942022314,True
visits,ridge_panel,numeric__pounds_per_visit_lag_1,-0.04317468981625018,0.04317468981625018,True
visits,ridge_panel,numeric__visits_lag_6,0.04256234625719468,0.04256234625719468,True
visits,ridge_panel,categorical__month_cat_2,-0.04130179339570491,0.04130179339570491,True
visits,ridge_panel,numeric__month_sin,-0.03334565961862225,0.03334565961862225,True
visits,ridge_panel,categorical__month_cat_9,-0.03078051632784207,0.03078051632784207,True
visits,ridge_panel,categorical__month_cat_10,0.024869567622169443,0.024869567622169443,True
visits,ridge_panel,numeric__visits_lag_2,-0.024839477910893127,0.024839477910893127,True
visits,ridge_panel,numeric__visits_yoy_growth,0.02401511409700255,0.02401511409700255,True
visits,ridge_panel,numeric__visits_historical_month_ratio,-0.023993090489872953,0.023993090489872953,True
visits,ridge_panel,numeric__visits_lag_12,-0.02087244876185467,0.02087244876185467,True
visits,ridge_panel,numeric__individuals_per_visit_lag_1,0.018535146426338838,0.018535146426338838,True
visits,ridge_panel,categorical__month_cat_6,0.01641550383905373,0.01641550383905373,True
visits,ridge_panel,categorical__month_cat_4,0.01482267001653799,0.01482267001653799,True
visits,ridge_panel,categorical__month_cat_1,0.014678329660390597,0.014678329660390597,True
visits,ridge_panel,numeric__n_sites_missing_lag_1,0.009593050808778817,0.009593050808778817,True
visits,ridge_panel,categorical__month_cat_7,-0.009282627337984418,0.009282627337984418,True
visits,ridge_panel,categorical__month_cat_8,-0.008231926792156338,0.008231926792156338,True
visits,ridge_panel,numeric__reporting_rate_lag_1,0.0055717834378263935,0.0055717834378263935,True
visits,ridge_panel,numeric__month_cos,-0.0053975905651242745,0.0053975905651242745,True
visits,ridge_panel,categorical__fips_27093,-0.005138010659503643,0.005138010659503643,True
visits,ridge_panel,categorical__month_cat_5,0.0031702245955408737,0.0031702245955408737,True
visits,ridge_panel,categorical__month_cat_3,0.0010609422864018812,0.0010609422864018812,True
