month,visits,pounds,individuals,date,visits_reported,pounds_reported,individuals_reported,clean_minus_locked_visits,clean_minus_locked_pounds,clean_minus_locked_individuals,locked_baseline_rows,advanced_clean_rows,rows_excluded_as_meal_programs,scope_note
2022-01-01,124388.0,8650730.33,357046.0,2022-01-01,124388.0,8650033.33,355540.0,0.0,-697.0,-1506.0,28101,25399,2702,"Advanced models use the forecasting_pipeline clean export, which excludes meal-program rows; the earlier locked baseline source includes them."
2022-02-01,164787.0,7544639.609999999,342985.0,2022-02-01,164787.0,7544639.61,341486.0,0.0,9.313225746154785e-10,-1499.0,28101,25399,2702,"Advanced models use the forecasting_pipeline clean export, which excludes meal-program rows; the earlier locked baseline source includes them."
2022-03-01,145079.0,9309911.1,434698.0,2022-03-01,145079.0,9309911.1,432977.0,0.0,0.0,-1721.0,28101,25399,2702,"Advanced models use the forecasting_pipeline clean export, which excludes meal-program rows; the earlier locked baseline source includes them."
2022-04-01,149056.0,9640138.15,474303.0,2022-04-01,149040.0,9640138.15,472123.0,-16.0,0.0,-2180.0,28101,25399,2702,"Advanced models use the forecasting_pipeline clean export, which excludes meal-program rows; the earlier locked baseline source includes them."
2022-05-01,149817.0,9919653.03,483785.0,2022-05-01,149817.0,9919653.03,481543.0,0.0,0.0,-2242.0,28101,25399,2702,"Advanced models use the forecasting_pipeline clean export, which excludes meal-program rows; the earlier locked baseline source includes them."
2022-06-01,176851.0,10252685.45,507426.0,2022-06-01,176851.0,10252685.45,505607.0,0.0,0.0,-1819.0,28101,25399,2702,"Advanced models use the forecasting_pipeline clean export, which excludes meal-program rows; the earlier locked baseline source includes them."
2022-07-01,172228.0,9675162.5,485904.0,2022-07-01,172228.0,9675162.5,484383.0,0.0,0.0,-1521.0,28101,25399,2702,"Advanced models use the forecasting_pipeline clean export, which excludes meal-program rows; the earlier locked baseline source includes them."
2022-08-01,191311.0,10885355.6,538474.0,2022-08-01,191311.0,10885355.6,536697.0,0.0,0.0,-1777.0,28101,25399,2702,"Advanced models use the forecasting_pipeline clean export, which excludes meal-program rows; the earlier locked baseline source includes them."
2022-09-01,181280.0,10320729.3,516024.0,2022-09-01,181280.0,10320729.3,514291.0,0.0,0.0,-1733.0,28101,25399,2702,"Advanced models use the forecasting_pipeline clean export, which excludes meal-program rows; the earlier locked baseline source includes them."
2022-10-01,171224.0,10970681.3,511238.0,2022-10-01,171224.0,10970681.3,509654.0,0.0,0.0,-1584.0,28101,25399,2702,"Advanced models use the forecasting_pipeline clean export, which excludes meal-program rows; the earlier locked baseline source includes them."
2022-11-01,178149.0,11540304.0,528052.0,2022-11-01,178149.0,11540304.0,526750.0,0.0,0.0,-1302.0,28101,25399,2702,"Advanced models use the forecasting_pipeline clean export, which excludes meal-program rows; the earlier locked baseline source includes them."
2022-12-01,159082.0,9963618.0,466177.0,2022-12-01,159082.0,9963618.0,465079.0,0.0,0.0,-1098.0,28101,25399,2702,"Advanced models use the forecasting_pipeline clean export, which excludes meal-program rows; the earlier locked baseline source includes them."
2023-01-01,166522.0,10122638.6,507518.0,2023-01-01,166387.0,10122638.6,506157.0,-135.0,0.0,-1361.0,28101,25399,2702,"Advanced models use the forecasting_pipeline clean export, which excludes meal-program rows; the earlier locked baseline source includes them."
2023-02-01,160582.0,9274713.33,487084.0,2023-02-01,160582.0,9274713.33,485729.0,0.0,0.0,-1355.0,28101,25399,2702,"Advanced models use the forecasting_pipeline clean export, which excludes meal-program rows; the earlier locked baseline source includes them."
2023-03-01,190705.0,11291505.7,594339.0,2023-03-01,190705.0,11291031.7,593228.0,0.0,-474.0,-1111.0,28101,25399,2702,"Advanced models use the forecasting_pipeline clean export, which excludes meal-program rows; the earlier locked baseline source includes them."
2023-04-01,191473.0,10668544.88,593014.0,2023-04-01,191473.0,10668544.88,591137.0,0.0,0.0,-1877.0,28101,25399,2702,"Advanced models use the forecasting_pipeline clean export, which excludes meal-program rows; the earlier locked baseline source includes them."
2023-05-01,203291.0,11622829.91,616373.0,2023-05-01,203291.0,11622129.86,614019.0,0.0,-700.0500000007451,-2354.0,28101,25399,2702,"Advanced models use the forecasting_pipeline clean export, which excludes meal-program rows; the earlier locked baseline source includes them."
2023-06-01,217703.0,11989118.2,663658.0,2023-06-01,217703.0,11988427.2,661294.0,0.0,-691.0,-2364.0,28101,25399,2702,"Advanced models use the forecasting_pipeline clean export, which excludes meal-program rows; the earlier locked baseline source includes them."
2023-07-01,210833.0,11420959.16,642153.0,2023-07-01,210833.0,11420959.16,639938.0,0.0,0.0,-2215.0,28101,25399,2702,"Advanced models use the forecasting_pipeline clean export, which excludes meal-program rows; the earlier locked baseline source includes them."
2023-08-01,237243.0,13154185.78,729120.0,2023-08-01,237243.0,13154185.78,726435.0,0.0,0.0,-2685.0,28101,25399,2702,"Advanced models use the forecasting_pipeline clean export, which excludes meal-program rows; the earlier locked baseline source includes them."
2023-09-01,213650.0,12029961.51,664311.0,2023-09-01,213650.0,12027436.51,661051.0,0.0,-2525.0,-3260.0,28101,25399,2702,"Advanced models use the forecasting_pipeline clean export, which excludes meal-program rows; the earlier locked baseline source includes them."
2023-10-01,228490.0,12900779.33,712506.0,2023-10-01,228490.0,12900779.33,708470.0,0.0,0.0,-4036.0,28101,25399,2702,"Advanced models use the forecasting_pipeline clean export, which excludes meal-program rows; the earlier locked baseline source includes them."
2023-11-01,240853.0,13438380.85,765313.0,2023-11-01,240853.0,13438380.85,760861.0,0.0,0.0,-4452.0,28101,25399,2702,"Advanced models use the forecasting_pipeline clean export, which excludes meal-program rows; the earlier locked baseline source includes them."
2023-12-01,220936.0,12076633.25,678852.0,2023-12-01,220936.0,12075919.25,677111.0,0.0,-714.0,-1741.0,28101,25399,2702,"Advanced models use the forecasting_pipeline clean export, which excludes meal-program rows; the earlier locked baseline source includes them."
2024-01-01,242908.0,12985532.3,769344.0,2024-01-01,242901.0,12985517.3,769042.0,-7.0,-15.0,-302.0,28101,25399,2702,"Advanced models use the forecasting_pipeline clean export, which excludes meal-program rows; the earlier locked baseline source includes them."
2024-02-01,239827.0,12473176.99,754960.0,2024-02-01,239802.0,12473076.99,754702.0,-25.0,-100.0,-258.0,28101,25399,2702,"Advanced models use the forecasting_pipeline clean export, which excludes meal-program rows; the earlier locked baseline source includes them."
2024-03-01,233598.0,12216851.57,739082.0,2024-03-01,233573.0,12216751.57,738384.0,-25.0,-100.0,-698.0,28101,25399,2702,"Advanced models use the forecasting_pipeline clean export, which excludes meal-program rows; the earlier locked baseline source includes them."
2024-04-01,238454.0,12977668.52,760721.0,2024-04-01,238429.0,12977568.52,760092.0,-25.0,-100.0,-629.0,28101,25399,2702,"Advanced models use the forecasting_pipeline clean export, which excludes meal-program rows; the earlier locked baseline source includes them."
2024-05-01,236713.0,13259350.76,762730.0,2024-05-01,236703.0,13259250.76,762610.0,-10.0,-100.0,-120.0,28101,25399,2702,"Advanced models use the forecasting_pipeline clean export, which excludes meal-program rows; the earlier locked baseline source includes them."
2024-06-01,229388.0,12496300.72,725005.0,2024-06-01,229378.0,12496200.72,724994.0,-10.0,-100.0,-11.0,28101,25399,2702,"Advanced models use the forecasting_pipeline clean export, which excludes meal-program rows; the earlier locked baseline source includes them."
2024-07-01,235324.0,13293611.25,732973.0,2024-07-01,235314.0,13293511.25,732164.0,-10.0,-100.0,-809.0,28101,25399,2702,"Advanced models use the forecasting_pipeline clean export, which excludes meal-program rows; the earlier locked baseline source includes them."
2024-08-01,241478.0,13235462.38,745923.0,2024-08-01,241468.0,13235362.38,745105.0,-10.0,-100.0,-818.0,28101,25399,2702,"Advanced models use the forecasting_pipeline clean export, which excludes meal-program rows; the earlier locked baseline source includes them."
2024-09-01,236829.0,12209702.0,729144.0,2024-09-01,236819.0,12209602.0,726980.0,-10.0,-100.0,-2164.0,28101,25399,2702,"Advanced models use the forecasting_pipeline clean export, which excludes meal-program rows; the earlier locked baseline source includes them."
2024-10-01,256920.0,13871543.45,808443.0,2024-10-01,256910.0,13871443.45,806074.0,-10.0,-100.0,-2369.0,28101,25399,2702,"Advanced models use the forecasting_pipeline clean export, which excludes meal-program rows; the earlier locked baseline source includes them."
2024-11-01,245399.0,13130956.42,769640.0,2024-11-01,245389.0,13130856.42,766246.0,-10.0,-100.0,-3394.0,28101,25399,2702,"Advanced models use the forecasting_pipeline clean export, which excludes meal-program rows; the earlier locked baseline source includes them."
2024-12-01,225715.0,13409452.06,710647.0,2024-12-01,225705.0,13409352.06,707957.0,-10.0,-100.0,-2690.0,28101,25399,2702,"Advanced models use the forecasting_pipeline clean export, which excludes meal-program rows; the earlier locked baseline source includes them."
2025-01-01,247974.0,12757764.66,778384.0,2025-01-01,247964.0,12757664.66,775617.0,-10.0,-100.0,-2767.0,28101,25399,2702,"Advanced models use the forecasting_pipeline clean export, which excludes meal-program rows; the earlier locked baseline source includes them."
2025-02-01,241336.0,11767658.75,722068.0,2025-02-01,241326.0,11762180.75,718906.0,-10.0,-5478.0,-3162.0,28101,25399,2702,"Advanced models use the forecasting_pipeline clean export, which excludes meal-program rows; the earlier locked baseline source includes them."
2025-03-01,244459.0,12452621.8,760491.0,2025-03-01,244449.0,12447143.8,756825.0,-10.0,-5478.0,-3666.0,28101,25399,2702,"Advanced models use the forecasting_pipeline clean export, which excludes meal-program rows; the earlier locked baseline source includes them."
2025-04-01,263231.0,12772997.24,786971.0,2025-04-01,262112.0,12772897.24,782426.0,-1119.0,-100.0,-4545.0,28101,25399,2702,"Advanced models use the forecasting_pipeline clean export, which excludes meal-program rows; the earlier locked baseline source includes them."
2025-05-01,247081.0,12164935.65,730685.0,2025-05-01,247071.0,12164835.65,727412.0,-10.0,-100.0,-3273.0,28101,25399,2702,"Advanced models use the forecasting_pipeline clean export, which excludes meal-program rows; the earlier locked baseline source includes them."
2025-06-01,237261.0,11662638.6,698375.0,2025-06-01,236464.0,11628838.6,694524.0,-797.0,-33800.0,-3851.0,28101,25399,2702,"Advanced models use the forecasting_pipeline clean export, which excludes meal-program rows; the earlier locked baseline source includes them."
2025-07-01,260002.0,12796556.84,773672.0,2025-07-01,260002.0,12787467.84,769031.0,0.0,-9089.0,-4641.0,28101,25399,2702,"Advanced models use the forecasting_pipeline clean export, which excludes meal-program rows; the earlier locked baseline source includes them."
2025-08-01,240290.0,12821574.42,727272.0,2025-08-01,240280.0,12821474.42,724407.0,-10.0,-100.0,-2865.0,28101,25399,2702,"Advanced models use the forecasting_pipeline clean export, which excludes meal-program rows; the earlier locked baseline source includes them."
2025-09-01,253913.0,12348815.25,759212.0,2025-09-01,253903.0,12348715.25,754875.0,-10.0,-100.0,-4337.0,28101,25399,2702,"Advanced models use the forecasting_pipeline clean export, which excludes meal-program rows; the earlier locked baseline source includes them."
2025-10-01,280606.0,13379601.15,833627.0,2025-10-01,280596.0,13379501.15,833616.0,-10.0,-100.0,-11.0,28101,25399,2702,"Advanced models use the forecasting_pipeline clean export, which excludes meal-program rows; the earlier locked baseline source includes them."
2025-11-01,268225.0,13156865.21,812890.0,2025-11-01,268181.0,13156865.21,812727.0,-44.0,0.0,-163.0,28101,25399,2702,"Advanced models use the forecasting_pipeline clean export, which excludes meal-program rows; the earlier locked baseline source includes them."
2025-12-01,233979.0,13078182.34,705038.0,2025-12-01,233979.0,13078182.34,705038.0,0.0,0.0,0.0,28101,25399,2702,"Advanced models use the forecasting_pipeline clean export, which excludes meal-program rows; the earlier locked baseline source includes them."
2026-01-01,238004.0,12403368.22,716558.0,2026-01-01,238004.0,12403368.22,716558.0,0.0,0.0,0.0,28101,25399,2702,"Advanced models use the forecasting_pipeline clean export, which excludes meal-program rows; the earlier locked baseline source includes them."
2026-02-01,268283.0,13306607.34,853046.0,2026-02-01,268139.0,13304129.34,852754.0,-144.0,-2478.0,-292.0,28101,25399,2702,"Advanced models use the forecasting_pipeline clean export, which excludes meal-program rows; the earlier locked baseline source includes them."
2026-03-01,279131.0,13642661.744,865523.0,2026-03-01,277840.0,13591602.744,862114.0,-1291.0,-51059.0,-3409.0,28101,25399,2702,"Advanced models use the forecasting_pipeline clean export, which excludes meal-program rows; the earlier locked baseline source includes them."
2026-04-01,263173.0,13074244.029,801510.0,2026-04-01,263173.0,13074244.029,801510.0,0.0,0.0,0.0,28101,25399,2702,"Advanced models use the forecasting_pipeline clean export, which excludes meal-program rows; the earlier locked baseline source includes them."
2026-05-01,229370.0,11536291.828,710185.0,2026-05-01,229370.0,11536291.828,710185.0,0.0,0.0,0.0,28101,25399,2702,"Advanced models use the forecasting_pipeline clean export, which excludes meal-program rows; the earlier locked baseline source includes them."
2026-06-01,239937.0,12253807.27,740733.0,2026-06-01,239937.0,12253807.27,740478.0,0.0,0.0,-255.0,28101,25399,2702,"Advanced models use the forecasting_pipeline clean export, which excludes meal-program rows; the earlier locked baseline source includes them."
2026-07-01,239143.0,12999406.86,739444.0,2026-07-01,239143.0,12999406.86,739103.0,0.0,0.0,-341.0,28101,25399,2702,"Advanced models use the forecasting_pipeline clean export, which excludes meal-program rows; the earlier locked baseline source includes them."
