metric,model,folds,mape,median_ape,mae,rmse,wape,folds_better_than_naive,eligible_for_primary
individuals,ets,3,0.046873706308584784,0.03504350245975171,34134.71067435489,40507.481933148156,0.04663324389116161,2,True
individuals,lasso_panel,3,0.06283154883284357,0.06942886574427617,46033.72570823482,46650.43183004969,0.06288912124231799,1,True
individuals,core_median_ensemble,3,0.06541178269827687,0.01762851588636698,47529.6104986325,73672.40669329769,0.06493272902119109,3,True
individuals,elastic_net_panel,3,0.06950110915176365,0.06728002333734089,50926.53783985219,51160.38240533822,0.06957345214595644,1,True
individuals,structural_elastic_visits_x_ratio,3,0.07209783468806732,0.0468548086797996,52640.72760047686,60983.41273063547,0.07191529795638536,1,True
individuals,sarima,3,0.08388833592715095,0.08806579684540192,61582.57136531422,64559.07792792098,0.08413122634377909,1,True
individuals,robust_ensemble,3,0.09398896625501285,0.1024136692120819,69060.70918692269,75028.63877852257,0.09434750818702275,1,True
individuals,ytd_growth,3,0.09693613710161185,0.025188164087406296,71950.92428403678,107893.36304463516,0.09829598476288832,2,True
individuals,aug_jul_ratio,3,0.10076243315396809,0.10210330688725776,73713.63265956803,86394.92944970743,0.10070411443386569,1,True
individuals,seasonal_naive,3,0.10493993860974878,0.02857233571735226,76368.66666666667,110721.09818217423,0.10433129761328484,0,True
individuals,ridge_panel,3,0.13607596902864846,0.12184787704118984,100176.89482195699,111169.404395288,0.1368569844654133,1,True
individuals,trend_month_regression,3,0.15467649133268713,0.17204756376612967,113277.00052909157,124351.73991940008,0.1547537356717966,1,True
individuals,lightgbm_panel,3,0.21422805498225683,0.2016528009373116,156798.05787039993,168311.1242722618,0.21421016700822004,0,True
individuals,lightgbm_panel_snap_sensitivity,3,0.21647242868228112,0.1921314904122779,158371.81953386468,172737.76553418915,0.21636016652569212,0,False
pounds,ridge_panel,3,0.019351083993326638,0.02184406406287568,255216.0991325242,308399.57469783264,0.01952635373983079,2,True
pounds,structural_elastic_visits_x_ratio,3,0.027474175789608785,0.01627451187968008,361365.1616907834,514098.40106220916,0.027647722852943514,2,True
pounds,core_median_ensemble,3,0.058364800345873935,0.01407582667037925,766488.2655297263,1144523.4288971012,0.05864332642429085,2,True
pounds,ets,3,0.05886372139079996,0.03316703930137145,771075.8186595937,1001880.2671215633,0.058994315979881314,1,True
pounds,ytd_growth,3,0.06702848777685975,0.027376127940001257,885491.4661894789,1294506.8916057502,0.06774815405919558,2,True
pounds,seasonal_naive,3,0.07029795450894168,0.03228083966336852,921298.2466666674,1332351.714012902,0.07048769856386648,0,True
pounds,robust_ensemble,3,0.08097073098882819,0.0771896123201901,1059998.221091859,1166982.125454382,0.08109950860851987,1,True
pounds,sarima,3,0.08686910884258063,0.021061249948213623,1143072.30934086,1813440.4963373018,0.0874554322327643,1,True
pounds,elastic_net_panel,3,0.09049809820494786,0.12235465536721901,1193183.3495355695,1440001.934577272,0.09128938275719686,2,True
pounds,lasso_panel,3,0.09347368778692466,0.11445829631189196,1228263.1850722309,1322620.2769994368,0.09397330935960234,1,True
pounds,aug_jul_ratio,3,0.096227159076826,0.12209838497701167,1256129.5917850398,1431418.5267777517,0.0961053430235514,1,True
pounds,trend_month_regression,3,0.10196829822093058,0.11193258870449567,1328229.0578468386,1422905.5442269137,0.10162160819475664,1,True
pounds,lightgbm_panel,3,0.2158211051899771,0.19635228491297035,2827699.8135905545,2953894.4934706055,0.21634476436986774,0,True
pounds,lightgbm_panel_snap_sensitivity,3,0.2178016264750824,0.18700226269665482,2852935.607606791,2993699.608500181,0.21827553222715196,0,False
visits,lasso_panel,3,0.043722654350808306,0.05266291136614762,10441.790779129215,11877.734624498396,0.0435685180167591,2,True
visits,elastic_net_panel,3,0.05522575494834667,0.04869192708458676,13177.601516158262,15282.524692122315,0.05498372656747412,1,True
visits,core_median_ensemble,3,0.06802661376215265,0.024407655570953125,16195.355668835633,22089.625154546324,0.06757534796194514,1,True
visits,ets,3,0.06836194685462411,0.05301635753420876,16314.426539337883,18731.619881932966,0.06807217283389312,1,True
visits,sarima,3,0.06875212974237097,0.06698063351853425,16515.13854542881,18208.34935593826,0.06890964648554214,1,True
visits,seasonal_naive,3,0.07201625750990247,0.017497142478506467,17115.0,26639.635839603114,0.07141257679164273,0,True
visits,ytd_growth,3,0.08988275066584206,0.05548453435165162,21680.74497699234,30728.71174541055,0.09046321154364523,1,True
visits,robust_ensemble,3,0.09153895037184885,0.12098361177270196,22017.259624803846,24766.373350634658,0.09186732361658427,1,True
visits,ridge_panel,3,0.09360549905879789,0.08849459824131242,22322.753536650718,26921.79652759308,0.09314200123499759,1,True
visits,aug_jul_ratio,3,0.1014558376886454,0.08953897030053663,24400.253521219,30724.371750660222,0.10181039896696482,1,True
visits,trend_month_regression,3,0.1304520467022238,0.15242825324486753,31367.134199131047,35454.3688913877,0.1308798060022909,1,True
visits,lightgbm_panel_snap_sensitivity,3,0.2081460083354744,0.17271400009512441,49755.46241122901,53393.575508567854,0.2076053625618221,0,False
visits,lightgbm_panel,3,0.2138911911221919,0.18455786398360313,51144.26790356196,54185.405975897665,0.21340017289602495,0,True
