forecast_year,cutoff,target_month,metric,model,prediction,eligible_for_primary,model_detail,actual,error,absolute_error,absolute_percentage_error
2023,2023-07-31,2023-08-01,visits,seasonal_naive,191311.0,True,,237243.0,-45932.0,45932.0,0.19360739832155216
2023,2023-07-31,2023-08-01,visits,ytd_growth,237059.18268880693,True,,237243.0,-183.81731119306642,183.81731119306642,0.0007748060477782966
2023,2023-07-31,2023-08-01,visits,aug_jul_ratio,234193.46484311493,True,,237243.0,-3049.5351568850747,3049.5351568850747,0.012854057472233426
2023,2023-07-31,2023-08-01,visits,trend_month_regression,228280.1428571379,True,,237243.0,-8962.857142862107,8962.857142862107,0.03777922696501944
2023,2023-07-31,2023-08-01,visits,robust_ensemble,231236.8038501264,True,,237243.0,-6006.1961498736055,6006.1961498736055,0.025316642218626496
2023,2023-07-31,2023-08-01,visits,ets,208301.89777768453,True,level_only,237243.0,-28941.102222315472,28941.102222315472,0.12198927775451951
2023,2023-07-31,2023-08-01,visits,sarima,229943.49614079986,True,"SARIMA(0, 1, 1)x(0, 1, 1, 12)",237243.0,-7299.5038592001365,7299.5038592001365,0.030768047357351478
2023,2023-07-31,2023-08-01,visits,ridge_panel,195982.04853007055,True,"{""alpha"": 0.1, ""inner_wape"": 0.15160587965704153}",237243.0,-41260.95146992945,41260.95146992945,0.17391852012463782
2023,2023-07-31,2023-08-01,visits,lasso_panel,221243.56644507023,True,"{""alpha"": 0.001, ""inner_wape"": 0.3062802799761386}",237243.0,-15999.433554929768,15999.433554929768,0.06743901213072574
2023,2023-07-31,2023-08-01,visits,elastic_net_panel,213933.82023484507,True,"{""alpha"": 0.001, ""inner_wape"": 0.2128597234956766, ""l1_ratio"": 0.2}",237243.0,-23309.179765154928,23309.179765154928,0.09825023189369098
2023,2023-07-31,2023-08-01,visits,lightgbm_panel,161642.61283897574,True,{},237243.0,-75600.38716102426,75600.38716102426,0.31866224571862717
2023,2023-07-31,2023-08-01,visits,lightgbm_panel_snap_sensitivity,160784.2254251076,False,{},237243.0,-76458.77457489239,76458.77457489239,0.32228042376336663
2023,2023-07-31,2023-08-01,pounds,seasonal_naive,10885355.6,True,,13154185.78,-2268830.1799999997,2268830.1799999997,0.1724797123855126
2023,2023-07-31,2023-08-01,pounds,ytd_growth,12794075.107140174,True,,13154185.78,-360110.6728598252,360110.6728598252,0.027376127940001257
2023,2023-07-31,2023-08-01,pounds,aug_jul_ratio,12849520.796128985,True,,13154185.78,-304664.9838710148,304664.9838710148,0.023161067432560984
2023,2023-07-31,2023-08-01,pounds,trend_month_regression,12513387.251428273,True,,13154185.78,-640798.5285717268,640798.5285717268,0.04871441982718651
2023,2023-07-31,2023-08-01,pounds,robust_ensemble,12653731.179284222,True,,13154185.78,-500454.6007157769,500454.6007157769,0.03804527388359395
2023,2023-07-31,2023-08-01,pounds,ets,11486240.883691628,True,level_only,13154185.78,-1667944.8963083718,1667944.8963083718,0.1267995544691457
2023,2023-07-31,2023-08-01,pounds,sarima,16282685.982921718,True,"SARIMA(0, 1, 1)x(0, 1, 1, 12)",13154185.78,3128500.2029217184,3128500.2029217184,0.23783305597510868
2023,2023-07-31,2023-08-01,pounds,ridge_panel,13441526.656873288,True,"{""alpha"": 0.1, ""inner_wape"": 0.17564057723925014}",13154185.78,287340.8768732883,287340.8768732883,0.02184406406287568
2023,2023-07-31,2023-08-01,pounds,lasso_panel,14659791.473748915,True,"{""alpha"": 0.001, ""inner_wape"": 0.25053211827307886}",13154185.78,1505605.6937489156,1505605.6937489156,0.11445829631189196
2023,2023-07-31,2023-08-01,pounds,elastic_net_panel,15050022.983141128,True,"{""alpha"": 0.001, ""inner_wape"": 0.3427697049710793, ""l1_ratio"": 0.8}",13154185.78,1895837.2031411286,1895837.2031411286,0.14412425328701178
2023,2023-07-31,2023-08-01,pounds,lightgbm_panel,9184846.852870068,True,{},13154185.78,-3969338.9271299317,3969338.9271299317,0.30175481732704645
2023,2023-07-31,2023-08-01,pounds,lightgbm_panel_snap_sensitivity,9050516.85029213,False,{},13154185.78,-4103668.92970787,4103668.92970787,0.31196677607725487
2023,2023-07-31,2023-08-01,individuals,seasonal_naive,536697.0,True,,726435.0,-189738.0,189738.0,0.2611906089326643
2023,2023-07-31,2023-08-01,individuals,ytd_growth,714424.3551070564,True,,726435.0,-12010.644892943557,12010.644892943557,0.016533681462131584
2023,2023-07-31,2023-08-01,individuals,aug_jul_ratio,709052.1442453595,True,,726435.0,-17382.855754640535,17382.855754640535,0.02392898986783475
2023,2023-07-31,2023-08-01,individuals,trend_month_regression,682103.1428571299,True,,726435.0,-44331.85714287008,44331.85714287008,0.0610265985846911
2023,2023-07-31,2023-08-01,individuals,robust_ensemble,695577.6435512446,True,,726435.0,-30857.356448755367,30857.356448755367,0.04247779422626301
2023,2023-07-31,2023-08-01,individuals,ets,662311.2020434464,True,holt_damped,726435.0,-64123.79795655364,64123.79795655364,0.08827190038551781
2023,2023-07-31,2023-08-01,individuals,sarima,689613.0462377103,True,"SARIMA(0, 1, 1)x(0, 1, 1, 12)",726435.0,-36821.95376228972,36821.95376228972,0.05068857332354542
2023,2023-07-31,2023-08-01,individuals,ridge_panel,637920.4374415833,True,"{""alpha"": 0.1, ""inner_wape"": 0.18615191172188172}",726435.0,-88514.56255841674,88514.56255841674,0.12184787704118984
2023,2023-07-31,2023-08-01,individuals,lasso_panel,691024.2006024828,True,"{""alpha"": 0.001, ""inner_wape"": 0.22005156674671353}",726435.0,-35410.79939751723,35410.79939751723,0.04874599846857217
2023,2023-07-31,2023-08-01,individuals,elastic_net_panel,677560.4362469388,True,"{""alpha"": 0.001, ""inner_wape"": 0.21467842936825243, ""l1_ratio"": 0.2}",726435.0,-48874.56375306123,48874.56375306123,0.06728002333734089
2023,2023-07-31,2023-08-01,individuals,lightgbm_panel,491648.89372276544,True,{},726435.0,-234786.10627723456,234786.10627723456,0.32320318580084184
2023,2023-07-31,2023-08-01,individuals,lightgbm_panel_snap_sensitivity,477020.96481482784,False,{},726435.0,-249414.03518517216,249414.03518517216,0.3433397828920305
2023,2023-07-31,2023-08-01,pounds,structural_elastic_visits_x_ratio,13144348.343192585,True,,13154185.78,-9837.436807414517,9837.436807414517,0.0007478560035522409
2023,2023-07-31,2023-08-01,individuals,structural_elastic_visits_x_ratio,630489.1370250543,True,,726435.0,-95945.86297494569,95945.86297494569,0.13207769858961324
2023,2023-07-31,2023-08-01,visits,core_median_ensemble,199806.44888884225,True,"median(seasonal_naive, ets, elastic_net_panel, lightgbm_panel)",237243.0,-37436.55111115775,37436.55111115775,0.1577983380380359
2023,2023-07-31,2023-08-01,pounds,core_median_ensemble,11185798.241845813,True,"median(seasonal_naive, ets, elastic_net_panel, lightgbm_panel)",13154185.78,-1968387.5381541867,1968387.5381541867,0.14963963342732922
2023,2023-07-31,2023-08-01,individuals,core_median_ensemble,599504.1010217231,True,"median(seasonal_naive, ets, elastic_net_panel, lightgbm_panel)",726435.0,-126930.89897827688,126930.89897827688,0.17473125465909115
2024,2024-07-31,2024-08-01,visits,seasonal_naive,237243.0,True,,241468.0,-4225.0,4225.0,0.017497142478506467
2024,2024-07-31,2024-08-01,visits,ytd_growth,292994.5937057691,True,,241468.0,51526.593705769104,51526.593705769104,0.21338891159809625
2024,2024-07-31,2024-08-01,visits,aug_jul_ratio,263088.79608053,True,,241468.0,21620.79608052998,21620.79608052998,0.08953897030053663
2024,2024-07-31,2024-08-01,visits,trend_month_regression,278274.5454545317,True,,241468.0,36806.545454531675,36806.545454531675,0.15242825324486753
2024,2024-07-31,2024-08-01,visits,robust_ensemble,270681.6707675308,True,,241468.0,29213.6707675308,29213.6707675308,0.12098361177270196
2024,2024-07-31,2024-08-01,visits,ets,234204.5929926215,True,level_only,241468.0,-7263.407007378497,7263.407007378497,0.030080205275144104
2024,2024-07-31,2024-08-01,visits,sarima,257641.67961445343,True,"SARIMA(0, 1, 1)x(0, 1, 1, 12)",241468.0,16173.679614453431,16173.679614453431,0.06698063351853425
2024,2024-07-31,2024-08-01,visits,ridge_panel,245911.82707460015,True,"{""alpha"": 0.1, ""inner_wape"": 0.14510434253844126}",241468.0,4443.827074600151,4443.827074600151,0.018403378810443415
2024,2024-07-31,2024-08-01,visits,lasso_panel,238795.90556060008,True,"{""alpha"": 0.001, ""inner_wape"": 0.2297306143238091}",241468.0,-2672.0944393999234,2672.0944393999234,0.011066039555551558
2024,2024-07-31,2024-08-01,visits,elastic_net_panel,236944.07145656465,True,"{""alpha"": 0.001, ""inner_wape"": 0.2790813117223677, ""l1_ratio"": 0.8}",241468.0,-4523.9285434353515,4523.9285434353515,0.018735105866762268
2024,2024-07-31,2024-08-01,visits,lightgbm_panel,196903.18169960732,True,{},241468.0,-44564.81830039268,44564.81830039268,0.18455786398360313
2024,2024-07-31,2024-08-01,visits,lightgbm_panel_snap_sensitivity,199763.0958250305,False,{},241468.0,-41704.9041749695,41704.9041749695,0.17271400009512441
2024,2024-07-31,2024-08-01,pounds,seasonal_naive,13154185.78,True,,13235362.38,-81176.60000000149,81176.60000000149,0.006133311477943945
2024,2024-07-31,2024-08-01,pounds,ytd_growth,15446775.497135712,True,,13235362.38,2211413.117135711,2211413.117135711,0.16708368487721836
2024,2024-07-31,2024-08-01,pounds,aug_jul_ratio,15133604.851778038,True,,13235362.38,1898242.471778037,1898242.471778037,0.14342202482090535
2024,2024-07-31,2024-08-01,pounds,trend_month_regression,14716830.753635496,True,,13235362.38,1481468.373635495,1481468.373635495,0.11193258870449567
2024,2024-07-31,2024-08-01,pounds,robust_ensemble,14925217.802706767,True,,13235362.38,1689855.422706766,1689855.422706766,0.1276773067627005
2024,2024-07-31,2024-08-01,pounds,ets,13015330.16631926,True,level_only,13235362.38,-220032.21368074045,220032.21368074045,0.01662457040188275
2024,2024-07-31,2024-08-01,pounds,sarima,12956609.104759637,True,"SARIMA(0, 1, 1)x(0, 1, 1, 12)",13235362.38,-278753.27524036355,278753.27524036355,0.021061249948213623
2024,2024-07-31,2024-08-01,pounds,ridge_panel,13684726.840742232,True,"{""alpha"": 0.1, ""inner_wape"": 0.1678396455409223}",13235362.38,449364.46074223146,449364.46074223146,0.033951806368465405
2024,2024-07-31,2024-08-01,pounds,lasso_panel,14875728.100642342,True,"{""alpha"": 0.001, ""inner_wape"": 0.22263533466957838}",13235362.38,1640365.7206423413,1640365.7206423413,0.12393810411425556
2024,2024-07-31,2024-08-01,pounds,elastic_net_panel,14854770.582665157,True,"{""alpha"": 0.001, ""inner_wape"": 0.27060755030276007, ""l1_ratio"": 0.8}",13235362.38,1619408.2026651558,1619408.2026651558,0.12235465536721901
2024,2024-07-31,2024-08-01,pounds,lightgbm_panel,10636568.735035831,True,{},13235362.38,-2598793.6449641697,2598793.6449641697,0.19635228491297035
2024,2024-07-31,2024-08-01,pounds,lightgbm_panel_snap_sensitivity,10760319.667329818,False,{},13235362.38,-2475042.712670183,2475042.712670183,0.18700226269665482
2024,2024-07-31,2024-08-01,individuals,seasonal_naive,726435.0,True,,745105.0,-18670.0,18670.0,0.02505687117922977
2024,2024-07-31,2024-08-01,individuals,ytd_growth,930700.645577101,True,,745105.0,185595.64557710104,185595.64557710104,0.2490865657552976
2024,2024-07-31,2024-08-01,individuals,aug_jul_ratio,821182.6844782302,True,,745105.0,76077.68447823019,76077.68447823019,0.10210330688725776
2024,2024-07-31,2024-08-01,individuals,trend_month_regression,873298.499999962,True,,745105.0,128193.49999996205,128193.49999996205,0.17204756376612967
2024,2024-07-31,2024-08-01,individuals,robust_ensemble,847240.5922390961,True,,745105.0,102135.59223909606,102135.59223909606,0.13707543532669364
2024,2024-07-31,2024-08-01,individuals,ets,757999.5755801497,True,holt_damped,745105.0,12894.575580149656,12894.575580149656,0.01730571608048484
2024,2024-07-31,2024-08-01,individuals,sarima,660974.7193617341,True,"SARIMA(0, 1, 1)x(0, 1, 1, 12)",745105.0,-84130.28063826589,84130.28063826589,0.11291063761250547
2024,2024-07-31,2024-08-01,individuals,ridge_panel,909275.1777547993,True,"{""alpha"": 0.1, ""inner_wape"": 0.19633635831261778}",745105.0,164170.17775479925,164170.17775479925,0.22033160125727147
2024,2024-07-31,2024-08-01,individuals,lasso_panel,797500.6213799734,True,"{""alpha"": 0.001, ""inner_wape"": 0.2520259866953389}",745105.0,52395.62137997337,52395.62137997337,0.07031978228568238
2024,2024-07-31,2024-08-01,individuals,elastic_net_panel,802771.6091511045,True,"{""alpha"": 0.001, ""inner_wape"": 0.3090112429754685, ""l1_ratio"": 0.8}",745105.0,57666.609151104465,57666.609151104465,0.07739393662786381
2024,2024-07-31,2024-08-01,individuals,lightgbm_panel,594852.4897576044,True,{},745105.0,-150252.51024239557,150252.51024239557,0.2016528009373116
2024,2024-07-31,2024-08-01,individuals,lightgbm_panel_snap_sensitivity,601946.8658363597,False,{},745105.0,-143158.13416364032,143158.13416364032,0.1921314904122779
2024,2024-07-31,2024-08-01,pounds,structural_elastic_visits_x_ratio,14100957.190501632,True,,13235362.38,865594.8105016313,865594.8105016313,0.06540015948559402
2024,2024-07-31,2024-08-01,individuals,structural_elastic_visits_x_ratio,710193.2477786379,True,,745105.0,-34911.75222136208,34911.75222136208,0.0468548086797996
2024,2024-07-31,2024-08-01,visits,core_median_ensemble,235574.3322245931,True,"median(seasonal_naive, ets, elastic_net_panel, lightgbm_panel)",241468.0,-5893.66777540691,5893.66777540691,0.024407655570953125
2024,2024-07-31,2024-08-01,pounds,core_median_ensemble,13084757.97315963,True,"median(seasonal_naive, ets, elastic_net_panel, lightgbm_panel)",13235362.38,-150604.40684037097,150604.40684037097,0.011378940939913347
2024,2024-07-31,2024-08-01,individuals,core_median_ensemble,742217.2877900748,True,"median(seasonal_naive, ets, elastic_net_panel, lightgbm_panel)",745105.0,-2887.712209925172,2887.712209925172,0.003875577549372467
2025,2025-07-31,2025-08-01,visits,seasonal_naive,241468.0,True,,240280.0,1188.0,1188.0,0.004944231729648743
2025,2025-07-31,2025-08-01,visits,ytd_growth,253611.82391401485,True,,240280.0,13331.82391401485,13331.82391401485,0.05548453435165162
2025,2025-07-31,2025-08-01,visits,aug_jul_ratio,288810.42932624195,True,,240280.0,48530.42932624195,48530.42932624195,0.2019744852931661
2025,2025-07-31,2025-08-01,visits,trend_month_regression,288611.99999999936,True,,240280.0,48331.99999999936,48331.99999999936,0.2011486598967844
2025,2025-07-31,2025-08-01,visits,robust_ensemble,271111.91195700713,True,,240280.0,30831.911957007134,30831.911957007134,0.12831659712421814
2025,2025-07-31,2025-08-01,visits,ets,253018.77038831968,True,level_only,240280.0,12738.770388319681,12738.770388319681,0.05301635753420876
2025,2025-07-31,2025-08-01,visits,sarima,266352.23216263286,True,"SARIMA(0, 1, 1)x(0, 1, 1, 12)",240280.0,26072.232162632863,26072.232162632863,0.10850770835122717
2025,2025-07-31,2025-08-01,visits,ridge_panel,219016.51793457745,True,"{""alpha"": 1.0, ""inner_wape"": 0.2027854266319608}",240280.0,-21263.482065422548,21263.482065422548,0.08849459824131242
2025,2025-07-31,2025-08-01,visits,lasso_panel,227626.15565694205,True,"{""alpha"": 0.001, ""inner_wape"": 0.17931649218170007}",240280.0,-12653.84434305795,12653.84434305795,0.05266291136614762
2025,2025-07-31,2025-08-01,visits,elastic_net_panel,228580.3037601155,True,"{""alpha"": 0.001, ""inner_wape"": 0.16654491463050147, ""l1_ratio"": 0.5}",240280.0,-11699.696239884506,11699.696239884506,0.04869192708458676
2025,2025-07-31,2025-08-01,visits,lightgbm_panel,207012.40175073108,True,{},240280.0,-33267.59824926892,33267.59824926892,0.13845346366434544
2025,2025-07-31,2025-08-01,visits,lightgbm_panel_snap_sensitivity,209177.29151617485,False,{},240280.0,-31102.708483825147,31102.708483825147,0.12944360114793219
2025,2025-07-31,2025-08-01,pounds,seasonal_naive,13235362.38,True,,12821474.42,413887.9600000009,413887.9600000009,0.03228083966336852
2025,2025-07-31,2025-08-01,pounds,ytd_growth,12736523.8114271,True,,12821474.42,-84950.6085729003,84950.6085729003,0.006625650513359625
2025,2025-07-31,2025-08-01,pounds,aug_jul_ratio,14386955.739706067,True,,12821474.42,1565481.3197060674,1565481.3197060674,0.12209838497701167
2025,2025-07-31,2025-08-01,pounds,trend_month_regression,14683894.691333294,True,,12821474.42,1862420.271333294,1862420.271333294,0.14525788613110957
2025,2025-07-31,2025-08-01,pounds,robust_ensemble,13811159.059853034,True,,12821474.42,989684.6398530342,989684.6398530342,0.0771896123201901
2025,2025-07-31,2025-08-01,pounds,ets,12396224.074010331,True,level_only,12821474.42,-425250.34598966874,425250.34598966874,0.03316703930137145
2025,2025-07-31,2025-08-01,pounds,sarima,12799510.970139502,True,"SARIMA(0, 1, 1)x(0, 1, 1, 12)",12821474.42,-21963.44986049831,21963.44986049831,0.0017130206044195587
2025,2025-07-31,2025-08-01,pounds,ridge_panel,12792531.460217947,True,"{""alpha"": 1.0, ""inner_wape"": 0.11751047658410002}",12821474.42,-28942.959782052785,28942.959782052785,0.0022573815486388333
2025,2025-07-31,2025-08-01,pounds,lasso_panel,13360292.560825435,True,"{""alpha"": 0.001, ""inner_wape"": 0.1482335208268096}",12821474.42,538818.1408254355,538818.1408254355,0.04202466293462648
2025,2025-07-31,2025-08-01,pounds,elastic_net_panel,12885779.062800424,True,"{""alpha"": 0.001, ""inner_wape"": 0.15338809823256958, ""l1_ratio"": 0.2}",12821474.42,64304.64280042425,64304.64280042425,0.005015385960612808
2025,2025-07-31,2025-08-01,pounds,lightgbm_panel,10906507.551322438,True,{},12821474.42,-1914966.868677562,1914966.868677562,0.14935621332991453
2025,2025-07-31,2025-08-01,pounds,lightgbm_panel_snap_sensitivity,10841379.23955768,False,{},12821474.42,-1980095.1804423202,1980095.1804423202,0.15443584065133753
2025,2025-07-31,2025-08-01,individuals,seasonal_naive,745105.0,True,,724407.0,20698.0,20698.0,0.02857233571735226
2025,2025-07-31,2025-08-01,individuals,ytd_growth,742653.4823820657,True,,724407.0,18246.482382065733,18246.482382065733,0.025188164087406296
2025,2025-07-31,2025-08-01,individuals,aug_jul_ratio,852087.3577458333,True,,724407.0,127680.35774583335,127680.35774583335,0.17625500270681171
2025,2025-07-31,2025-08-01,individuals,trend_month_regression,891712.6444444426,True,,724407.0,167305.6444444426,167305.6444444426,0.23095531164724056
2025,2025-07-31,2025-08-01,individuals,robust_ensemble,798596.1788729166,True,,724407.0,74189.17887291661,74189.17887291661,0.1024136692120819
2025,2025-07-31,2025-08-01,individuals,ets,749792.7584863614,True,level_only,724407.0,25385.75848636136,25385.75848636136,0.03504350245975171
2025,2025-07-31,2025-08-01,individuals,sarima,788202.4796953871,True,"SARIMA(0, 1, 1)x(0, 1, 1, 12)",724407.0,63795.47969538707,63795.47969538707,0.08806579684540192
2025,2025-07-31,2025-08-01,individuals,ridge_panel,676561.055847345,True,"{""alpha"": 1.0, ""inner_wape"": 0.12845579939451884}",724407.0,-47845.94415265496,47845.94415265496,0.06604842878748406
2025,2025-07-31,2025-08-01,individuals,lasso_panel,674112.2436527861,True,"{""alpha"": 0.001, ""inner_wape"": 0.16305713134130534}",724407.0,-50294.75634721387,50294.75634721387,0.06942886574427617
2025,2025-07-31,2025-08-01,individuals,elastic_net_panel,678168.5593846091,True,"{""alpha"": 0.001, ""inner_wape"": 0.13604454131329607, ""l1_ratio"": 0.8}",724407.0,-46238.44061539089,46238.44061539089,0.06382936749008622
2025,2025-07-31,2025-08-01,individuals,lightgbm_panel,639051.4429084304,True,{},724407.0,-85355.55709156964,85355.55709156964,0.11782817820861705
2025,2025-07-31,2025-08-01,individuals,lightgbm_panel_snap_sensitivity,641863.7107472185,False,{},724407.0,-82543.28925278154,82543.28925278154,0.11394601274253499
2025,2025-07-31,2025-08-01,pounds,structural_elastic_visits_x_ratio,13030137.657763304,True,,12821474.42,208663.23776330426,208663.23776330426,0.01627451187968008
2025,2025-07-31,2025-08-01,individuals,structural_elastic_visits_x_ratio,697342.4323948772,True,,724407.0,-27064.567605122807,27064.567605122807,0.03736099679478913
2025,2025-07-31,2025-08-01,visits,core_median_ensemble,235024.15188005776,True,"median(seasonal_naive, ets, elastic_net_panel, lightgbm_panel)",240280.0,-5255.848119942239,5255.848119942239,0.021873847677468947
2025,2025-07-31,2025-08-01,pounds,core_median_ensemble,12641001.568405379,True,"median(seasonal_naive, ets, elastic_net_panel, lightgbm_panel)",12821474.42,-180472.85159462132,180472.85159462132,0.01407582667037925
2025,2025-07-31,2025-08-01,individuals,core_median_ensemble,711636.7796923046,True,"median(seasonal_naive, ets, elastic_net_panel, lightgbm_panel)",724407.0,-12770.220307695447,12770.220307695447,0.01762851588636698
