forecast_year,metric,model,alpha,inner_wape,l1_ratio
2023,visits,ridge_panel,0.1,0.15160587965704153,
2023,visits,lasso_panel,0.001,0.3062802799761386,
2023,visits,elastic_net_panel,0.001,0.2128597234956766,0.2
2023,visits,lightgbm_panel,,,
2023,visits,lightgbm_panel_snap_sensitivity,,,
2023,pounds,ridge_panel,0.1,0.17564057723925014,
2023,pounds,lasso_panel,0.001,0.25053211827307886,
2023,pounds,elastic_net_panel,0.001,0.3427697049710793,0.8
2023,pounds,lightgbm_panel,,,
2023,pounds,lightgbm_panel_snap_sensitivity,,,
2023,individuals,ridge_panel,0.1,0.18615191172188172,
2023,individuals,lasso_panel,0.001,0.22005156674671353,
2023,individuals,elastic_net_panel,0.001,0.21467842936825243,0.2
2023,individuals,lightgbm_panel,,,
2023,individuals,lightgbm_panel_snap_sensitivity,,,
2024,visits,ridge_panel,0.1,0.14510434253844126,
2024,visits,lasso_panel,0.001,0.2297306143238091,
2024,visits,elastic_net_panel,0.001,0.2790813117223677,0.8
2024,visits,lightgbm_panel,,,
2024,visits,lightgbm_panel_snap_sensitivity,,,
2024,pounds,ridge_panel,0.1,0.1678396455409223,
2024,pounds,lasso_panel,0.001,0.22263533466957838,
2024,pounds,elastic_net_panel,0.001,0.27060755030276007,0.8
2024,pounds,lightgbm_panel,,,
2024,pounds,lightgbm_panel_snap_sensitivity,,,
2024,individuals,ridge_panel,0.1,0.19633635831261778,
2024,individuals,lasso_panel,0.001,0.2520259866953389,
2024,individuals,elastic_net_panel,0.001,0.3090112429754685,0.8
2024,individuals,lightgbm_panel,,,
2024,individuals,lightgbm_panel_snap_sensitivity,,,
2025,visits,ridge_panel,1.0,0.2027854266319608,
2025,visits,lasso_panel,0.001,0.17931649218170007,
2025,visits,elastic_net_panel,0.001,0.16654491463050147,0.5
2025,visits,lightgbm_panel,,,
2025,visits,lightgbm_panel_snap_sensitivity,,,
2025,pounds,ridge_panel,1.0,0.11751047658410002,
2025,pounds,lasso_panel,0.001,0.1482335208268096,
2025,pounds,elastic_net_panel,0.001,0.15338809823256958,0.2
2025,pounds,lightgbm_panel,,,
2025,pounds,lightgbm_panel_snap_sensitivity,,,
2025,individuals,ridge_panel,1.0,0.12845579939451884,
2025,individuals,lasso_panel,0.001,0.16305713134130534,
2025,individuals,elastic_net_panel,0.001,0.13604454131329607,0.8
2025,individuals,lightgbm_panel,,,
2025,individuals,lightgbm_panel_snap_sensitivity,,,
2026,visits,ridge_panel,1.0,0.18184160989217305,
2026,visits,lasso_panel,0.001,0.1921260606277382,
2026,visits,elastic_net_panel,0.001,0.15322021781740738,0.2
2026,visits,lightgbm_panel,,,
2026,visits,lightgbm_panel_snap_sensitivity,,,
2026,pounds,ridge_panel,1.0,0.16265630212543913,
2026,pounds,lasso_panel,0.001,0.18047064066706725,
2026,pounds,elastic_net_panel,0.001,0.1549337466877545,0.2
2026,pounds,lightgbm_panel,,,
2026,pounds,lightgbm_panel_snap_sensitivity,,,
2026,individuals,ridge_panel,1.0,0.1938540278350394,
2026,individuals,lasso_panel,0.001,0.19646337443488687,
2026,individuals,elastic_net_panel,0.001,0.1437179215259485,0.5
2026,individuals,lightgbm_panel,,,
2026,individuals,lightgbm_panel_snap_sensitivity,,,
